scenario,jour,bloc_30min,power_W,Wh_bloc
Foyer_Aise,1,0,0.00030000000000000003,0.00015000000000000001
Foyer_Aise,1,1,0.001,0.0005
Foyer_Aise,1,2,0.001,0.0005
Foyer_Aise,1,3,0.001,0.0005
Foyer_Aise,1,4,0.001,0.0005
Foyer_Aise,1,5,0.001,0.0005
Foyer_Aise,1,6,0.001,0.0005
Foyer_Aise,1,7,0.001,0.0005
Foyer_Aise,1,8,0.001,0.0005
Foyer_Aise,1,9,0.001,0.0005
Foyer_Aise,1,10,0.0011,0.00055
Foyer_Aise,1,11,210.1471851309042,105.0735925654521
Foyer_Aise,1,12,420.2923702618084,210.1461851309042
Foyer_Aise,1,13,324.61616283307075,162.30808141653537
Foyer_Aise,1,14,1097.2511419805624,548.6255709902812
Foyer_Aise,1,15,1710.813443934232,855.406721967116
Foyer_Aise,1,16,157.27420521894615,78.63710260947308
Foyer_Aise,1,17,581.9326731415198,290.9663365707599
Foyer_Aise,1,18,697.7349038394218,348.8674519197109
Foyer_Aise,1,19,0.0018333333333333333,0.0009166666666666666
Foyer_Aise,1,20,117.7448716317518,58.8724358158759
Foyer_Aise,1,21,153.57996299793714,76.78998149896857
Foyer_Aise,1,22,153.57996299793714,76.78998149896857
Foyer_Aise,1,23,153.57996299793714,76.78998149896857
Foyer_Aise,1,24,102.04406670116757,51.02203335058378
Foyer_Aise,1,25,56.61698208824654,28.30849104412327
Foyer_Aise,1,26,52.14941759898751,26.074708799493756
Foyer_Aise,1,27,60.33458723894968,30.16729361947484
Foyer_Aise,1,28,52.55708532896423,26.278542664482114
Foyer_Aise,1,29,46.70097336400499,23.350486682002494
Foyer_Aise,1,30,47.98013118208719,23.990065591043596
Foyer_Aise,1,31,147.19932598781045,73.59966299390523
Foyer_Aise,1,32,238.55018934125036,119.27509467062518
Foyer_Aise,1,33,195.82630727898643,97.91315363949322
Foyer_Aise,1,34,208.44057766282012,104.22028883141006
Foyer_Aise,1,35,225.41432059214682,112.70716029607341
Foyer_Aise,1,36,326.99917674619365,163.49958837309683
Foyer_Aise,1,37,361.0700814907975,180.53504074539876
Foyer_Aise,1,38,410.1608562411091,205.08042812055456
Foyer_Aise,1,39,326.87047011111247,163.43523505555623
Foyer_Aise,1,40,260.54248846385246,130.27124423192623
Foyer_Aise,1,41,626.0901767945339,313.04508839726697
Foyer_Aise,1,42,1168.317940005581,584.1589700027905
Foyer_Aise,1,43,1267.0544463153249,633.5272231576624
Foyer_Aise,1,44,1200.81754467825,600.408772339125
Foyer_Aise,1,45,1184.2657314744918,592.1328657372459
Foyer_Aise,1,46,949.1777012986715,474.58885064933577
Foyer_Aise,1,47,854.2505897622915,427.12529488114575
Foyer_Aise,2,0,0.001,0.0005
Foyer_Aise,2,1,0.001,0.0005
Foyer_Aise,2,2,0.001,0.0005
Foyer_Aise,2,3,0.001,0.0005
Foyer_Aise,2,4,0.001,0.0005
Foyer_Aise,2,5,0.001,0.0005
Foyer_Aise,2,6,0.001,0.0005
Foyer_Aise,2,7,20.71870394198138,10.35935197099069
Foyer_Aise,2,8,30.933466090325943,15.466733045162972
Foyer_Aise,2,9,0.001,0.0005
Foyer_Aise,2,10,96.50595564839932,48.25297782419966
Foyer_Aise,2,11,264.84818664657826,132.42409332328913
Foyer_Aise,2,12,993.2393643886669,496.61968219433345
Foyer_Aise,2,13,1537.4380076755356,768.7190038377678
Foyer_Aise,2,14,1604.6598917487547,802.3299458743774
Foyer_Aise,2,15,29.57913041967437,14.789565209837185
Foyer_Aise,2,16,882.9870707704196,441.4935353852098
Foyer_Aise,2,17,648.7706755197349,324.38533775986747
Foyer_Aise,2,18,139.4908190978242,69.7454095489121
Foyer_Aise,2,19,27.89881715289817,13.949408576449086
Foyer_Aise,2,20,113.77284598471913,56.88642299235956
Foyer_Aise,2,21,155.1444263427988,77.5722131713994
Foyer_Aise,2,22,155.1444263427988,77.5722131713994
Foyer_Aise,2,23,155.1444263427988,77.5722131713994
Foyer_Aise,2,24,31.02968526855976,15.51484263427988
Foyer_Aise,2,25,15.59631166310042,7.79815583155021
Foyer_Aise,2,26,194.87916233036768,97.43958116518384
Foyer_Aise,2,27,203.736359706348,101.868179853174
Foyer_Aise,2,28,209.62779142485547,104.81389571242774
Foyer_Aise,2,29,117.56103766541182,58.78051883270591
Foyer_Aise,2,30,94.38788462039051,47.193942310195254
Foyer_Aise,2,31,94.38788462039051,47.193942310195254
Foyer_Aise,2,32,140.91363027833935,70.45681513916968
Foyer_Aise,2,33,249.47370348022,124.73685174011
Foyer_Aise,2,34,249.47370348022,124.73685174011
Foyer_Aise,2,35,249.47370348022,124.73685174011
Foyer_Aise,2,36,305.6820197364967,152.84100986824836
Foyer_Aise,2,37,135.36561323628092,67.68280661814046
Foyer_Aise,2,38,141.01085424225704,70.50542712112852
Foyer_Aise,2,39,177.05563233096052,88.52781616548026
Foyer_Aise,2,40,183.15929433188396,91.57964716594198
Foyer_Aise,2,41,393.353058946055,196.6765294730275
Foyer_Aise,2,42,1177.137363125751,588.5686815628756
Foyer_Aise,2,43,1161.7608514994176,580.8804257497088
Foyer_Aise,2,44,960.0197606999651,480.00988034998255
Foyer_Aise,2,45,947.388501414376,473.694250707188
Foyer_Aise,2,46,1010.4438436220422,505.2219218110211
Foyer_Aise,2,47,915.4477453107559,457.72387265537793
Foyer_Aise,3,0,0.00046666666666666666,0.00023333333333333333
Foyer_Aise,3,1,139.4731443759919,69.73657218799595
Foyer_Aise,3,2,154.97004930665764,77.48502465332882
Foyer_Aise,3,3,87.81679460710599,43.908397303552995
Foyer_Aise,3,4,0.001,0.0005
Foyer_Aise,3,5,0.001,0.0005
Foyer_Aise,3,6,145.38887217761774,72.69443608880887
Foyer_Aise,3,7,102.31098412499026,51.15549206249513
Foyer_Aise,3,8,0.001,0.0005
Foyer_Aise,3,9,0.001,0.0005
Foyer_Aise,3,10,0.0010333333333333334,0.0005166666666666667
Foyer_Aise,3,11,193.64919810333467,96.82459905166733
Foyer_Aise,3,12,522.0809630740057,261.04048153700285
Foyer_Aise,3,13,1175.2529818272299,587.6264909136149
Foyer_Aise,3,14,914.6858968218731,457.3429484109366
Foyer_Aise,3,15,2546.937998758132,1273.468999379066
Foyer_Aise,3,16,368.30126934545484,184.15063467272742
Foyer_Aise,3,17,223.89119210946654,111.94559605473327
Foyer_Aise,3,18,527.4589053832364,263.7294526916182
Foyer_Aise,3,19,147.28389446102432,73.64194723051216
Foyer_Aise,3,20,101.53559686806278,50.76779843403139
Foyer_Aise,3,21,144.15707595171583,72.07853797585791
Foyer_Aise,3,22,144.15707595171583,72.07853797585791
Foyer_Aise,3,23,144.15707595171583,72.07853797585791
Foyer_Aise,3,24,144.15707595171583,72.07853797585791
Foyer_Aise,3,25,178.3148806406829,89.15744032034145
Foyer_Aise,3,26,198.6327478364177,99.31637391820885
Foyer_Aise,3,27,194.79008069717528,97.39504034858764
Foyer_Aise,3,28,194.79008069717528,97.39504034858764
Foyer_Aise,3,29,144.32559409801937,72.16279704900968
Foyer_Aise,3,30,53.97641435125765,26.988207175628826
Foyer_Aise,3,31,47.54996367109774,23.77498183554887
Foyer_Aise,3,32,75.56288852125742,37.78144426062871
Foyer_Aise,3,33,75.12056043488651,37.56028021744326
Foyer_Aise,3,34,73.97781424908418,36.98890712454209
Foyer_Aise,3,35,103.6791692130171,51.83958460650855
Foyer_Aise,3,36,225.69456380622938,112.84728190311469
Foyer_Aise,3,37,277.5221418870813,138.76107094354066
Foyer_Aise,3,38,226.99193807005702,113.49596903502851
Foyer_Aise,3,39,208.73211403835177,104.36605701917588
Foyer_Aise,3,40,127.1429683218079,63.57148416090395
Foyer_Aise,3,41,629.1629182170545,314.58145910852727
Foyer_Aise,3,42,987.0619263140266,493.5309631570133
Foyer_Aise,3,43,1094.1029936834618,547.0514968417309
Foyer_Aise,3,44,915.8012030877405,457.90060154387027
Foyer_Aise,3,45,1153.589155860901,576.7945779304505
Foyer_Aise,3,46,1093.0255276801338,546.5127638400669
Foyer_Aise,3,47,694.9503689089555,347.47518445447776
Foyer_Aise,4,0,0.0,0.0
Foyer_Aise,4,1,0.0,0.0
Foyer_Aise,4,2,0.0,0.0
Foyer_Aise,4,3,0.0008333333333333334,0.0004166666666666667
Foyer_Aise,4,4,0.001,0.0005
Foyer_Aise,4,5,0.001,0.0005
Foyer_Aise,4,6,0.001,0.0005
Foyer_Aise,4,7,0.001,0.0005
Foyer_Aise,4,8,0.001,0.0005
Foyer_Aise,4,9,0.001,0.0005
Foyer_Aise,4,10,0.0011333333333333334,0.0005666666666666667
Foyer_Aise,4,11,40.05186266258324,20.02593133129162
Foyer_Aise,4,12,725.145558998143,362.5727794990715
Foyer_Aise,4,13,947.077907779984,473.538953889992
Foyer_Aise,4,14,1725.0703480356513,862.5351740178256
Foyer_Aise,4,15,1520.71218074303,760.356090371515
Foyer_Aise,4,16,329.98187634512635,164.99093817256318
Foyer_Aise,4,17,366.6359195163984,183.3179597581992
Foyer_Aise,4,18,0.002,0.001
Foyer_Aise,4,19,0.0011666666666666668,0.0005833333333333334
Foyer_Aise,4,20,0.001,0.0005
Foyer_Aise,4,21,0.001,0.0005
Foyer_Aise,4,22,39.465999414089225,19.732999707044613
Foyer_Aise,4,23,36.99061616585735,18.495308082928673
Foyer_Aise,4,24,41.18659612595831,20.593298062979155
Foyer_Aise,4,25,102.4049577887552,51.2024788943776
Foyer_Aise,4,26,191.44612148465086,95.72306074232543
Foyer_Aise,4,27,202.40709051227563,101.20354525613782
Foyer_Aise,4,28,197.52409250641475,98.76204625320737
Foyer_Aise,4,29,197.52409250641475,98.76204625320737
Foyer_Aise,4,30,197.52409250641475,98.76204625320737
Foyer_Aise,4,31,195.6592190455614,97.8296095227807
Foyer_Aise,4,32,216.89442958302163,108.44721479151082
Foyer_Aise,4,33,240.15055139028237,120.07527569514119
Foyer_Aise,4,34,240.15055139028237,120.07527569514119
Foyer_Aise,4,35,291.09684586920594,145.54842293460297
Foyer_Aise,4,36,327.2837220331167,163.64186101655835
Foyer_Aise,4,37,323.0136350386288,161.5068175193144
Foyer_Aise,4,38,320.8539758197277,160.42698790986384
Foyer_Aise,4,39,302.4174249337104,151.2087124668552
Foyer_Aise,4,40,342.4210850143242,171.2105425071621
Foyer_Aise,4,41,892.0344924130007,446.0172462065004
Foyer_Aise,4,42,1186.1433927453202,593.0716963726601
Foyer_Aise,4,43,943.8023358169277,471.90116790846383
Foyer_Aise,4,44,968.7924628020762,484.3962314010381
Foyer_Aise,4,45,1040.7365027384024,520.3682513692012
Foyer_Aise,4,46,905.5927058804203,452.79635294021017
Foyer_Aise,4,47,536.6326928392464,268.3163464196232
Foyer_Aise,5,0,0.0,0.0
Foyer_Aise,5,1,0.0,0.0
Foyer_Aise,5,2,0.0,0.0
Foyer_Aise,5,3,0.0008666666666666667,0.00043333333333333337
Foyer_Aise,5,4,0.001,0.0005
Foyer_Aise,5,5,0.001,0.0005
Foyer_Aise,5,6,0.001,0.0005
Foyer_Aise,5,7,0.001,0.0005
Foyer_Aise,5,8,0.001,0.0005
Foyer_Aise,5,9,46.74828298649129,23.374141493245645
Foyer_Aise,5,10,140.24284895947386,70.12142447973693
Foyer_Aise,5,11,188.79279992980028,94.39639996490014
Foyer_Aise,5,12,1153.7038563670258,576.8519281835129
Foyer_Aise,5,13,1435.1167018257163,717.5583509128581
Foyer_Aise,5,14,571.3422175068733,285.67110875343667
Foyer_Aise,5,15,453.98683542072996,226.99341771036498
Foyer_Aise,5,16,1168.0050306560568,584.0025153280284
Foyer_Aise,5,17,219.87927702760675,109.93963851380337
Foyer_Aise,5,18,338.2947059205622,169.1473529602811
Foyer_Aise,5,19,145.49985351047883,72.74992675523941
Foyer_Aise,5,20,145.49985351047883,72.74992675523941
Foyer_Aise,5,21,312.158819039967,156.0794095199835
Foyer_Aise,5,22,155.8167519441283,77.90837597206415
Foyer_Aise,5,23,182.74046238483643,91.37023119241822
Foyer_Aise,5,24,189.80890960076093,94.90445480038046
Foyer_Aise,5,25,200.98465075536302,100.49232537768151
Foyer_Aise,5,26,182.88646820666864,91.44323410333432
Foyer_Aise,5,27,190.040557463238,95.020278731619
Foyer_Aise,5,28,191.2833636261231,95.64168181306155
Foyer_Aise,5,29,202.48479649275214,101.24239824637607
Foyer_Aise,5,30,194.6259101892655,97.31295509463276
Foyer_Aise,5,31,120.3907384668437,60.19536923342185
Foyer_Aise,5,32,46.38637357230662,23.19318678615331
Foyer_Aise,5,33,53.06735145784977,26.533675728924884
Foyer_Aise,5,34,53.63951301451253,26.819756507256265
Foyer_Aise,5,35,59.982679337959915,29.991339668979958
Foyer_Aise,5,36,158.48742561028473,79.24371280514237
Foyer_Aise,5,37,170.38775027382266,85.19387513691133
Foyer_Aise,5,38,160.93109064983432,80.46554532491716
Foyer_Aise,5,39,197.56615596012247,98.78307798006124
Foyer_Aise,5,40,203.68085991101458,101.84042995550729
Foyer_Aise,5,41,384.02360852955866,192.01180426477933
Foyer_Aise,5,42,1112.545273093176,556.272636546588
Foyer_Aise,5,43,1034.7760338045828,517.3880169022914
Foyer_Aise,5,44,1051.5032980552348,525.7516490276174
Foyer_Aise,5,45,986.338644858772,493.169322429386
Foyer_Aise,5,46,897.1194793755219,448.55973968776095
Foyer_Aise,5,47,556.4192804531493,278.20964022657466
Foyer_Aise,6,0,0.001,0.0005
Foyer_Aise,6,1,0.001,0.0005
Foyer_Aise,6,2,0.001,0.0005
Foyer_Aise,6,3,0.001,0.0005
Foyer_Aise,6,4,0.001,0.0005
Foyer_Aise,6,5,0.001,0.0005
Foyer_Aise,6,6,0.001,0.0005
Foyer_Aise,6,7,0.001,0.0005
Foyer_Aise,6,8,0.001,0.0005
Foyer_Aise,6,9,0.001,0.0005
Foyer_Aise,6,10,90.35546883789797,45.17773441894899
Foyer_Aise,6,11,0.0021333333333333334,0.0010666666666666667
Foyer_Aise,6,12,1285.3984667888878,642.6992333944439
Foyer_Aise,6,13,398.00353487553696,199.00176743776848
Foyer_Aise,6,14,213.86920993396623,106.93460496698312
Foyer_Aise,6,15,1154.8920547304347,577.4460273652173
Foyer_Aise,6,16,316.56259264424295,158.28129632212148
Foyer_Aise,6,17,1044.6904473556835,522.3452236778418
Foyer_Aise,6,18,456.2428933598703,228.12144667993516
Foyer_Aise,6,19,425.8244441595623,212.91222207978115
Foyer_Aise,6,20,221.46817352519622,110.73408676259811
Foyer_Aise,6,21,143.98211059149693,71.99105529574847
Foyer_Aise,6,22,143.98211059149693,71.99105529574847
Foyer_Aise,6,23,183.14818012837978,91.57409006418989
Foyer_Aise,6,24,195.22422762551057,97.61211381275528
Foyer_Aise,6,25,191.44695828816788,95.72347914408394
Foyer_Aise,6,26,190.36338806190912,95.18169403095456
Foyer_Aise,6,27,183.93330326361638,91.96665163180819
Foyer_Aise,6,28,201.23875638427438,100.61937819213719
Foyer_Aise,6,29,244.4906786345934,122.2453393172967
Foyer_Aise,6,30,208.06848589190352,104.03424294595176
Foyer_Aise,6,31,236.62489382716683,118.31244691358341
Foyer_Aise,6,32,190.5152869266368,95.2576434633184
Foyer_Aise,6,33,187.10214368071178,93.55107184035589
Foyer_Aise,6,34,47.920403442264714,23.960201721132357
Foyer_Aise,6,35,78.93519158685662,39.46759579342831
Foyer_Aise,6,36,178.99333468376287,89.49666734188143
Foyer_Aise,6,37,293.8146593664165,146.90732968320825
Foyer_Aise,6,38,336.5547012541887,168.27735062709436
Foyer_Aise,6,39,334.9486274909386,167.4743137454693
Foyer_Aise,6,40,321.57678640309183,160.78839320154592
Foyer_Aise,6,41,400.04096612795007,200.02048306397504
Foyer_Aise,6,42,1188.5230804572427,594.2615402286214
Foyer_Aise,6,43,888.9525304479488,444.4762652239744
Foyer_Aise,6,44,955.0954993625663,477.54774968128316
Foyer_Aise,6,45,941.5225521422686,470.7612760711343
Foyer_Aise,6,46,1018.9291240600345,509.46456203001725
Foyer_Aise,6,47,834.5710554508656,417.2855277254328
Foyer_Aise,7,0,0.0,0.0
Foyer_Aise,7,1,0.0,0.0
Foyer_Aise,7,2,0.0,0.0
Foyer_Aise,7,3,0.0,0.0
Foyer_Aise,7,4,0.0006666666666666666,0.0003333333333333333
Foyer_Aise,7,5,80.46741002093658,40.23370501046829
Foyer_Aise,7,6,150.8755187892561,75.43775939462805
Foyer_Aise,7,7,0.001,0.0005
Foyer_Aise,7,8,0.001,0.0005
Foyer_Aise,7,9,0.001,0.0005
Foyer_Aise,7,10,0.0014666666666666667,0.0007333333333333333
Foyer_Aise,7,11,417.86012258213265,208.93006129106632
Foyer_Aise,7,12,149.55417769737807,74.77708884868903
Foyer_Aise,7,13,1012.8693445272158,506.4346722636079
Foyer_Aise,7,14,1055.6518607558382,527.8259303779191
Foyer_Aise,7,15,658.4528904687453,329.22644523437265
Foyer_Aise,7,16,1224.4625990032919,612.2312995016459
Foyer_Aise,7,17,936.0359910810893,468.01799554054463
Foyer_Aise,7,18,20.87454325147674,10.43727162573837
Foyer_Aise,7,19,156.54607438607556,78.27303719303778
Foyer_Aise,7,20,156.5454077194089,78.27270385970445
Foyer_Aise,7,21,156.54507438607556,78.27253719303778
Foyer_Aise,7,22,156.54507438607556,78.27253719303778
Foyer_Aise,7,23,167.4420996314966,83.7210498157483
Foyer_Aise,7,24,201.63390563995492,100.81695281997746
Foyer_Aise,7,25,58.96826442986216,29.48413221493108
Foyer_Aise,7,26,37.13926785242696,18.56963392621348
Foyer_Aise,7,27,78.59330946239055,39.296654731195275
Foyer_Aise,7,28,150.4626098168645,75.23130490843225
Foyer_Aise,7,29,254.90555579461713,127.45277789730856
Foyer_Aise,7,30,197.81712689897452,98.90856344948726
Foyer_Aise,7,31,194.55263902303147,97.27631951151574
Foyer_Aise,7,32,249.12969757650743,124.56484878825371
Foyer_Aise,7,33,220.74909966309798,110.37454983154899
Foyer_Aise,7,34,256.1027789135984,128.0513894567992
Foyer_Aise,7,35,259.5517132862234,129.7758566431117
Foyer_Aise,7,36,287.3874258339634,143.6937129169817
Foyer_Aise,7,37,367.3223549040683,183.66117745203414
Foyer_Aise,7,38,259.87399729909623,129.93699864954812
Foyer_Aise,7,39,347.4309494330482,173.7154747165241
Foyer_Aise,7,40,340.1556704276643,170.07783521383215
Foyer_Aise,7,41,515.0397516397933,257.51987581989664
Foyer_Aise,7,42,931.7320336869827,465.86601684349137
Foyer_Aise,7,43,1133.8909924983377,566.9454962491689
Foyer_Aise,7,44,906.8042230768444,453.4021115384222
Foyer_Aise,7,45,902.1944850285141,451.09724251425706
Foyer_Aise,7,46,923.4245879118353,461.71229395591763
Foyer_Aise,7,47,823.677709616569,411.8388548082845
Foyer_Modeste,1,0,0.0,0.0
Foyer_Modeste,1,1,0.0,0.0
Foyer_Modeste,1,2,0.0006333333333333333,0.00031666666666666665
Foyer_Modeste,1,3,0.001,0.0005
Foyer_Modeste,1,4,0.001,0.0005
Foyer_Modeste,1,5,0.001,0.0005
Foyer_Modeste,1,6,0.001,0.0005
Foyer_Modeste,1,7,0.001,0.0005
Foyer_Modeste,1,8,0.001,0.0005
Foyer_Modeste,1,9,0.001,0.0005
Foyer_Modeste,1,10,0.001,0.0005
Foyer_Modeste,1,11,0.001,0.0005
Foyer_Modeste,1,12,0.001,0.0005
Foyer_Modeste,1,13,0.001,0.0005
Foyer_Modeste,1,14,0.001,0.0005
Foyer_Modeste,1,15,0.001,0.0005
Foyer_Modeste,1,16,30.664839807394944,15.332419903697472
Foyer_Modeste,1,17,153.3201990369747,76.66009951848736
Foyer_Modeste,1,18,153.3201990369747,76.66009951848736
Foyer_Modeste,1,19,153.3201990369747,76.66009951848736
Foyer_Modeste,1,20,153.3201990369747,76.66009951848736
Foyer_Modeste,1,21,153.3201990369747,76.66009951848736
Foyer_Modeste,1,22,76.66059951848736,38.33029975924368
Foyer_Modeste,1,23,0.001,0.0005
Foyer_Modeste,1,24,0.001,0.0005
Foyer_Modeste,1,25,38.665335213181386,19.332667606590693
Foyer_Modeste,1,26,47.91641115373307,23.958205576866536
Foyer_Modeste,1,27,68.8771879196248,34.4385939598124
Foyer_Modeste,1,28,205.12223689792114,102.56111844896057
Foyer_Modeste,1,29,205.12223689792114,102.56111844896057
Foyer_Modeste,1,30,205.12223689792114,102.56111844896057
Foyer_Modeste,1,31,205.12223689792114,102.56111844896057
Foyer_Modeste,1,32,205.12223689792114,102.56111844896057
Foyer_Modeste,1,33,205.12223689792114,102.56111844896057
Foyer_Modeste,1,34,205.12223689792114,102.56111844896057
Foyer_Modeste,1,35,76.46715245776075,38.23357622888037
Foyer_Modeste,1,36,69.41946273977715,34.70973136988857
Foyer_Modeste,1,37,158.6242116555938,79.3121058277969
Foyer_Modeste,1,38,158.80226967277108,79.40113483638554
Foyer_Modeste,1,39,145.79512003381737,72.89756001690868
Foyer_Modeste,1,40,261.98222119344064,130.99111059672032
Foyer_Modeste,1,41,222.37156329032567,111.18578164516283
Foyer_Modeste,1,42,254.94764735483906,127.47382367741953
Foyer_Modeste,1,43,261.7618748303343,130.88093741516715
Foyer_Modeste,1,44,169.57081614883654,84.78540807441827
Foyer_Modeste,1,45,230.551244851557,115.2756224257785
Foyer_Modeste,1,46,18.36181426067517,9.180907130337586
Foyer_Modeste,1,47,0.0005,0.00025
Foyer_Modeste,2,0,0.0,0.0
Foyer_Modeste,2,1,0.0,0.0
Foyer_Modeste,2,2,3.3333333333333335e-05,1.6666666666666667e-05
Foyer_Modeste,2,3,0.001,0.0005
Foyer_Modeste,2,4,0.001,0.0005
Foyer_Modeste,2,5,0.001,0.0005
Foyer_Modeste,2,6,0.001,0.0005
Foyer_Modeste,2,7,0.001,0.0005
Foyer_Modeste,2,8,0.001,0.0005
Foyer_Modeste,2,9,0.001,0.0005
Foyer_Modeste,2,10,85.11900380721248,42.55950190360624
Foyer_Modeste,2,11,159.5972571385234,79.7986285692617
Foyer_Modeste,2,12,159.5972571385234,79.7986285692617
Foyer_Modeste,2,13,159.5972571385234,79.7986285692617
Foyer_Modeste,2,14,159.5972571385234,79.7986285692617
Foyer_Modeste,2,15,159.5972571385234,79.7986285692617
Foyer_Modeste,2,16,159.5972571385234,79.7986285692617
Foyer_Modeste,2,17,159.5972571385234,79.7986285692617
Foyer_Modeste,2,18,159.5972571385234,79.7986285692617
Foyer_Modeste,2,19,159.5972571385234,79.7986285692617
Foyer_Modeste,2,20,159.5972571385234,79.7986285692617
Foyer_Modeste,2,21,159.5972571385234,79.7986285692617
Foyer_Modeste,2,22,159.5972571385234,79.7986285692617
Foyer_Modeste,2,23,159.5972571385234,79.7986285692617
Foyer_Modeste,2,24,159.5972571385234,79.7986285692617
Foyer_Modeste,2,25,159.5972571385234,79.7986285692617
Foyer_Modeste,2,26,196.56645646287103,98.28322823143552
Foyer_Modeste,2,27,212.406101123693,106.2030505618465
Foyer_Modeste,2,28,208.60575012163716,104.30287506081858
Foyer_Modeste,2,29,205.8750734954656,102.9375367477328
Foyer_Modeste,2,30,93.63699610539068,46.81849805269534
Foyer_Modeste,2,31,48.54291936364416,24.27145968182208
Foyer_Modeste,2,32,47.559720197822074,23.779860098911037
Foyer_Modeste,2,33,53.297065451799874,26.648532725899937
Foyer_Modeste,2,34,50.02743427087653,25.013717135438267
Foyer_Modeste,2,35,50.87611457654106,25.43805728827053
Foyer_Modeste,2,36,54.088449196976384,27.044224598488192
Foyer_Modeste,2,37,68.50535471747405,34.252677358737024
Foyer_Modeste,2,38,99.9601048584278,49.9800524292139
Foyer_Modeste,2,39,157.71577949437307,78.85788974718653
Foyer_Modeste,2,40,118.23609827769424,59.11804913884712
Foyer_Modeste,2,41,113.10749129292766,56.55374564646383
Foyer_Modeste,2,42,102.73679860806035,51.36839930403018
Foyer_Modeste,2,43,112.88956555344035,56.444782776720174
Foyer_Modeste,2,44,111.95303749916467,55.97651874958233
Foyer_Modeste,2,45,110.29952897473693,55.149764487368465
Foyer_Modeste,2,46,30.186253577209623,15.093126788604811
Foyer_Modeste,2,47,0.001,0.0005
Foyer_Modeste,3,0,0.0,0.0
Foyer_Modeste,3,1,130.14551198387701,65.07275599193851
Foyer_Modeste,3,2,144.60612442653002,72.30306221326501
Foyer_Modeste,3,3,57.843049770612005,28.921524885306003
Foyer_Modeste,3,4,0.001,0.0005
Foyer_Modeste,3,5,0.001,0.0005
Foyer_Modeste,3,6,0.001,0.0005
Foyer_Modeste,3,7,19.53583990450521,9.767919952252605
Foyer_Modeste,3,8,103.84757837249252,51.92378918624626
Foyer_Modeste,3,9,158.0855096274762,79.0427548137381
Foyer_Modeste,3,10,158.0855096274762,79.0427548137381
Foyer_Modeste,3,11,158.0855096274762,79.0427548137381
Foyer_Modeste,3,12,158.0855096274762,79.0427548137381
Foyer_Modeste,3,13,158.0855096274762,79.0427548137381
Foyer_Modeste,3,14,158.0855096274762,79.0427548137381
Foyer_Modeste,3,15,158.0855096274762,79.0427548137381
Foyer_Modeste,3,16,73.77377115948889,36.886885579744444
Foyer_Modeste,3,17,0.001,0.0005
Foyer_Modeste,3,18,0.001,0.0005
Foyer_Modeste,3,19,0.001,0.0005
Foyer_Modeste,3,20,5.299818325596076,2.649909162798038
Foyer_Modeste,3,21,158.96554976788227,79.48277488394113
Foyer_Modeste,3,22,158.96554976788227,79.48277488394113
Foyer_Modeste,3,23,158.96554976788227,79.48277488394113
Foyer_Modeste,3,24,158.96554976788227,79.48277488394113
Foyer_Modeste,3,25,158.96554976788227,79.48277488394113
Foyer_Modeste,3,26,192.65979286215295,96.32989643107648
Foyer_Modeste,3,27,159.12244469153632,79.56122234576816
Foyer_Modeste,3,28,47.847259854018745,23.923629927009372
Foyer_Modeste,3,29,48.74579800484597,24.372899002422987
Foyer_Modeste,3,30,50.84934589269893,25.424672946349464
Foyer_Modeste,3,31,51.62669959285415,25.813349796427076
Foyer_Modeste,3,32,108.38341448320867,54.191707241604334
Foyer_Modeste,3,33,193.51848681874043,96.75924340937021
Foyer_Modeste,3,34,103.23988823723718,51.61994411861859
Foyer_Modeste,3,35,53.644744210171936,26.822372105085968
Foyer_Modeste,3,36,100.30238442885671,50.151192214428356
Foyer_Modeste,3,37,139.32541506116678,69.66270753058339
Foyer_Modeste,3,38,108.9565972406135,54.47829862030675
Foyer_Modeste,3,39,108.9565972406135,54.47829862030675
Foyer_Modeste,3,40,108.9565972406135,54.47829862030675
Foyer_Modeste,3,41,140.77851878757699,70.38925939378849
Foyer_Modeste,3,42,71.09023285010281,35.545116425051404
Foyer_Modeste,3,43,92.71379701883144,46.35689850941572
Foyer_Modeste,3,44,110.84502415763625,55.42251207881812
Foyer_Modeste,3,45,44.763372167925674,22.381686083962837
Foyer_Modeste,3,46,0.0,0.0
Foyer_Modeste,3,47,0.0,0.0
Foyer_Modeste,4,0,0.0,0.0
Foyer_Modeste,4,1,0.0,0.0
Foyer_Modeste,4,2,0.0009666666666666667,0.00048333333333333334
Foyer_Modeste,4,3,4.630651973191837,2.3153259865959184
Foyer_Modeste,4,4,138.89055919575512,69.44527959787756
Foyer_Modeste,4,5,138.89055919575512,69.44527959787756
Foyer_Modeste,4,6,138.89055919575512,69.44527959787756
Foyer_Modeste,4,7,138.89055919575512,69.44527959787756
Foyer_Modeste,4,8,111.1126473566041,55.55632367830205
Foyer_Modeste,4,9,0.001,0.0005
Foyer_Modeste,4,10,0.001,0.0005
Foyer_Modeste,4,11,0.001,0.0005
Foyer_Modeste,4,12,0.001,0.0005
Foyer_Modeste,4,13,0.001,0.0005
Foyer_Modeste,4,14,0.001,0.0005
Foyer_Modeste,4,15,0.001,0.0005
Foyer_Modeste,4,16,0.001,0.0005
Foyer_Modeste,4,17,0.001,0.0005
Foyer_Modeste,4,18,72.42270614739373,36.21135307369686
Foyer_Modeste,4,19,144.84441229478745,72.42220614739372
Foyer_Modeste,4,20,144.84441229478745,72.42220614739372
Foyer_Modeste,4,21,144.84441229478745,72.42220614739372
Foyer_Modeste,4,22,144.84441229478745,72.42220614739372
Foyer_Modeste,4,23,144.84441229478745,72.42220614739372
Foyer_Modeste,4,24,24.14156871579791,12.070784357898955
Foyer_Modeste,4,25,20.47576995928859,10.237884979644296
Foyer_Modeste,4,26,49.29039610087031,24.645198050435155
Foyer_Modeste,4,27,49.44296218546343,24.721481092731715
Foyer_Modeste,4,28,49.44296218546343,24.721481092731715
Foyer_Modeste,4,29,49.44296218546343,24.721481092731715
Foyer_Modeste,4,30,49.44296218546343,24.721481092731715
Foyer_Modeste,4,31,49.44296218546343,24.721481092731715
Foyer_Modeste,4,32,49.44296218546343,24.721481092731715
Foyer_Modeste,4,33,49.44296218546343,24.721481092731715
Foyer_Modeste,4,34,49.44296218546343,24.721481092731715
Foyer_Modeste,4,35,52.985122799404984,26.492561399702492
Foyer_Modeste,4,36,102.46301270737055,51.231506353685276
Foyer_Modeste,4,37,161.24645452317378,80.62322726158689
Foyer_Modeste,4,38,98.22182381261749,49.11091190630874
Foyer_Modeste,4,39,221.18568171714966,110.59284085857483
Foyer_Modeste,4,40,236.8625794972791,118.43128974863956
Foyer_Modeste,4,41,241.39305093706153,120.69652546853077
Foyer_Modeste,4,42,247.50998095042632,123.75499047521316
Foyer_Modeste,4,43,247.50998095042632,123.75499047521316
Foyer_Modeste,4,44,247.4995611384613,123.74978056923065
Foyer_Modeste,4,45,175.6842501050929,87.84212505254645
Foyer_Modeste,4,46,106.04859288535384,53.02429644267692
Foyer_Modeste,4,47,0.001,0.0005
Foyer_Modeste,5,0,0.0007,0.00035
Foyer_Modeste,5,1,0.001,0.0005
Foyer_Modeste,5,2,0.001,0.0005
Foyer_Modeste,5,3,0.001,0.0005
Foyer_Modeste,5,4,0.001,0.0005
Foyer_Modeste,5,5,0.001,0.0005
Foyer_Modeste,5,6,0.001,0.0005
Foyer_Modeste,5,7,0.001,0.0005
Foyer_Modeste,5,8,0.001,0.0005
Foyer_Modeste,5,9,0.001,0.0005
Foyer_Modeste,5,10,0.001,0.0005
Foyer_Modeste,5,11,0.001,0.0005
Foyer_Modeste,5,12,0.001,0.0005
Foyer_Modeste,5,13,42.49684703218991,21.248423516094956
Foyer_Modeste,5,14,28.331564688126612,14.165782344063306
Foyer_Modeste,5,15,0.001,0.0005
Foyer_Modeste,5,16,0.001,0.0005
Foyer_Modeste,5,17,0.001,0.0005
Foyer_Modeste,5,18,0.001,0.0005
Foyer_Modeste,5,19,0.001,0.0005
Foyer_Modeste,5,20,0.001,0.0005
Foyer_Modeste,5,21,59.02391290397279,29.511956451986396
Foyer_Modeste,5,22,190.05534725623815,95.02767362811908
Foyer_Modeste,5,23,190.05534725623815,95.02767362811908
Foyer_Modeste,5,24,113.41898168712562,56.70949084356281
Foyer_Modeste,5,25,44.816823087013766,22.408411543506883
Foyer_Modeste,5,26,37.44633052554678,18.72316526277339
Foyer_Modeste,5,27,160.47770225234333,80.23885112617167
Foyer_Modeste,5,28,160.47770225234333,80.23885112617167
Foyer_Modeste,5,29,170.3544981930647,85.17724909653235
Foyer_Modeste,5,30,209.8616819559502,104.9308409779751
Foyer_Modeste,5,31,209.8616819559502,104.9308409779751
Foyer_Modeste,5,32,209.8616819559502,104.9308409779751
Foyer_Modeste,5,33,209.8616819559502,104.9308409779751
Foyer_Modeste,5,34,209.8616819559502,104.9308409779751
Foyer_Modeste,5,35,225.3359324569775,112.66796622848875
Foyer_Modeste,5,36,312.4918605587835,156.24593027939176
Foyer_Modeste,5,37,287.27254622132943,143.63627311066472
Foyer_Modeste,5,38,318.4097332737923,159.20486663689616
Foyer_Modeste,5,39,316.31437599436936,158.15718799718468
Foyer_Modeste,5,40,264.05929741956095,132.02964870978047
Foyer_Modeste,5,41,297.3404338719864,148.6702169359932
Foyer_Modeste,5,42,204.1071790262039,102.05358951310195
Foyer_Modeste,5,43,98.30524081381995,49.152620406909975
Foyer_Modeste,5,44,112.50092817631712,56.25046408815856
Foyer_Modeste,5,45,63.951158384193874,31.975579192096937
Foyer_Modeste,5,46,0.0,0.0
Foyer_Modeste,5,47,0.0,0.0
Foyer_Modeste,6,0,0.0,0.0
Foyer_Modeste,6,1,0.0007666666666666667,0.00038333333333333334
Foyer_Modeste,6,2,0.001,0.0005
Foyer_Modeste,6,3,0.001,0.0005
Foyer_Modeste,6,4,0.001,0.0005
Foyer_Modeste,6,5,0.001,0.0005
Foyer_Modeste,6,6,0.001,0.0005
Foyer_Modeste,6,7,0.001,0.0005
Foyer_Modeste,6,8,0.001,0.0005
Foyer_Modeste,6,9,0.001,0.0005
Foyer_Modeste,6,10,90.89152622548183,45.44576311274091
Foyer_Modeste,6,11,160.39604628026206,80.19802314013103
Foyer_Modeste,6,12,160.39604628026206,80.19802314013103
Foyer_Modeste,6,13,160.39604628026206,80.19802314013103
Foyer_Modeste,6,14,160.39604628026206,80.19802314013103
Foyer_Modeste,6,15,160.39604628026206,80.19802314013103
Foyer_Modeste,6,16,160.39604628026206,80.19802314013103
Foyer_Modeste,6,17,160.39604628026206,80.19802314013103
Foyer_Modeste,6,18,160.39604628026206,80.19802314013103
Foyer_Modeste,6,19,160.39604628026206,80.19802314013103
Foyer_Modeste,6,20,160.39604628026206,80.19802314013103
Foyer_Modeste,6,21,160.39604628026206,80.19802314013103
Foyer_Modeste,6,22,160.39604628026206,80.19802314013103
Foyer_Modeste,6,23,186.05951958638008,93.02975979319004
Foyer_Modeste,6,24,213.6642607574973,106.83213037874864
Foyer_Modeste,6,25,91.41021912208139,45.70510956104069
Foyer_Modeste,6,26,53.98470832335358,26.99235416167679
Foyer_Modeste,6,27,52.05934504646972,26.02967252323486
Foyer_Modeste,6,28,52.135684639558484,26.067842319779242
Foyer_Modeste,6,29,145.3795352496317,72.68976762481584
Foyer_Modeste,6,30,191.9917917707093,95.99589588535466
Foyer_Modeste,6,31,191.9917917707093,95.99589588535466
Foyer_Modeste,6,32,191.9917917707093,95.99589588535466
Foyer_Modeste,6,33,191.9917917707093,95.99589588535466
Foyer_Modeste,6,34,177.08179910711343,88.54089955355671
Foyer_Modeste,6,35,55.14130253438481,27.570651267192407
Foyer_Modeste,6,36,121.0377847246764,60.5188923623382
Foyer_Modeste,6,37,166.59690031769554,83.29845015884777
Foyer_Modeste,6,38,166.24814349452657,83.12407174726329
Foyer_Modeste,6,39,152.35436111661048,76.17718055830524
Foyer_Modeste,6,40,117.07432144829143,58.537160724145714
Foyer_Modeste,6,41,116.2504590224273,58.12522951121365
Foyer_Modeste,6,42,67.43216692715608,33.71608346357804
Foyer_Modeste,6,43,62.369631020517076,31.184815510258538
Foyer_Modeste,6,44,65.81069999686885,32.905349998434424
Foyer_Modeste,6,45,79.00711291103798,39.50355645551899
Foyer_Modeste,6,46,12.941561626664715,6.470780813332357
Foyer_Modeste,6,47,0.0,0.0
Foyer_Modeste,7,0,0.001,0.0005
Foyer_Modeste,7,1,0.001,0.0005
Foyer_Modeste,7,2,0.001,0.0005
Foyer_Modeste,7,3,0.001,0.0005
Foyer_Modeste,7,4,0.001,0.0005
Foyer_Modeste,7,5,0.001,0.0005
Foyer_Modeste,7,6,133.1088169240887,66.55440846204435
Foyer_Modeste,7,7,147.89857436009854,73.94928718004927
Foyer_Modeste,7,8,133.1088169240887,66.55440846204435
Foyer_Modeste,7,9,42.63219706979941,21.316098534899705
Foyer_Modeste,7,10,159.8679890117478,79.9339945058739
Foyer_Modeste,7,11,159.8679890117478,79.9339945058739
Foyer_Modeste,7,12,159.8679890117478,79.9339945058739
Foyer_Modeste,7,13,159.8679890117478,79.9339945058739
Foyer_Modeste,7,14,143.88129011057302,71.94064505528651
Foyer_Modeste,7,15,0.001,0.0005
Foyer_Modeste,7,16,0.001,0.0005
Foyer_Modeste,7,17,0.001,0.0005
Foyer_Modeste,7,18,0.001,0.0005
Foyer_Modeste,7,19,0.001,0.0005
Foyer_Modeste,7,20,0.001,0.0005
Foyer_Modeste,7,21,0.001,0.0005
Foyer_Modeste,7,22,11.508085613707557,5.754042806853779
Foyer_Modeste,7,23,24.362619408520864,12.181309704260432
Foyer_Modeste,7,24,40.25644066505308,20.12822033252654
Foyer_Modeste,7,25,47.973341662824055,23.986670831412027
Foyer_Modeste,7,26,46.37429694072992,23.18714847036496
Foyer_Modeste,7,27,22.93229953561173,11.466149767805865
Foyer_Modeste,7,28,46.85675699547521,23.428378497737604
Foyer_Modeste,7,29,153.20339723215412,76.60169861607706
Foyer_Modeste,7,30,190.23663580435382,95.11831790217691
Foyer_Modeste,7,31,198.6618902281822,99.3309451140911
Foyer_Modeste,7,32,205.88824781867464,102.94412390933732
Foyer_Modeste,7,33,205.88824781867464,102.94412390933732
Foyer_Modeste,7,34,171.2532700771063,85.62663503855315
Foyer_Modeste,7,35,212.61860456593234,106.30930228296617
Foyer_Modeste,7,36,263.644084573352,131.822042286676
Foyer_Modeste,7,37,231.8621037859333,115.93105189296665
Foyer_Modeste,7,38,139.15034509341785,69.57517254670893
Foyer_Modeste,7,39,147.31007555276958,73.65503777638479
Foyer_Modeste,7,40,110.78358752002679,55.39179376001339
Foyer_Modeste,7,41,78.0729338803806,39.0364669401903
Foyer_Modeste,7,42,155.89711874880862,77.94855937440431
Foyer_Modeste,7,43,257.9331176882598,128.9665588441299
Foyer_Modeste,7,44,274.4293118626207,137.21465593131035
Foyer_Modeste,7,45,236.16808080315676,118.08404040157838
Foyer_Modeste,7,46,23.945519462799886,11.972759731399943
Foyer_Modeste,7,47,0.001,0.0005
Foyer_Standard,1,0,0.001,0.0005
Foyer_Standard,1,1,0.001,0.0005
Foyer_Standard,1,2,0.001,0.0005
Foyer_Standard,1,3,0.001,0.0005
Foyer_Standard,1,4,125.2831699118424,62.6415849559212
Foyer_Standard,1,5,156.603712389803,78.3018561949015
Foyer_Standard,1,6,156.603712389803,78.3018561949015
Foyer_Standard,1,7,156.603712389803,78.3018561949015
Foyer_Standard,1,8,87.22894738363593,43.61447369181796
Foyer_Standard,1,9,0.001,0.0005
Foyer_Standard,1,10,0.001,0.0005
Foyer_Standard,1,11,0.0018666666666666666,0.0009333333333333333
Foyer_Standard,1,12,236.6422436836967,118.32112184184835
Foyer_Standard,1,13,970.9415874346014,485.4707937173007
Foyer_Standard,1,14,1875.861082988327,937.9305414941635
Foyer_Standard,1,15,974.2970324847489,487.14851624237446
Foyer_Standard,1,16,311.6506106194125,155.82530530970624
Foyer_Standard,1,17,40.55063111633477,20.275315558167385
Foyer_Standard,1,18,761.7795100934137,380.88975504670685
Foyer_Standard,1,19,240.09490648332923,120.04745324166461
Foyer_Standard,1,20,175.57438246714577,87.78719123357288
Foyer_Standard,1,21,150.39695899499017,75.19847949749509
Foyer_Standard,1,22,150.39695899499017,75.19847949749509
Foyer_Standard,1,23,150.39695899499017,75.19847949749509
Foyer_Standard,1,24,125.33096582915847,62.665482914579236
Foyer_Standard,1,25,0.001,0.0005
Foyer_Standard,1,26,56.585403877484524,28.292701938742262
Foyer_Standard,1,27,59.681356744329975,29.840678372164987
Foyer_Standard,1,28,60.27500248176311,30.137501240881555
Foyer_Standard,1,29,84.62680832354174,42.31340416177087
Foyer_Standard,1,30,63.31955606346715,31.659778031733573
Foyer_Standard,1,31,59.454665437000685,29.727332718500342
Foyer_Standard,1,32,48.62558218030206,24.31279109015103
Foyer_Standard,1,33,60.953014131201094,30.476507065600547
Foyer_Standard,1,34,232.5880005721012,116.2940002860506
Foyer_Standard,1,35,228.12924385095977,114.06462192547988
Foyer_Standard,1,36,214.65495352420666,107.32747676210333
Foyer_Standard,1,37,313.64326305512964,156.82163152756482
Foyer_Standard,1,38,322.793591008759,161.3967955043795
Foyer_Standard,1,39,172.99435811382884,86.49717905691442
Foyer_Standard,1,40,211.8668290338028,105.9334145169014
Foyer_Standard,1,41,210.91898349573907,105.45949174786954
Foyer_Standard,1,42,308.76255643400054,154.38127821700027
Foyer_Standard,1,43,289.57184068421947,144.78592034210973
Foyer_Standard,1,44,133.1439898879643,66.57199494398215
Foyer_Standard,1,45,185.89647074253477,92.94823537126739
Foyer_Standard,1,46,0.001,0.0005
Foyer_Standard,1,47,0.0001,5e-05
Foyer_Standard,2,0,0.0009333333333333333,0.00046666666666666666
Foyer_Standard,2,1,0.001,0.0005
Foyer_Standard,2,2,0.001,0.0005
Foyer_Standard,2,3,28.724643820499455,14.362321910249728
Foyer_Standard,2,4,90.95920543158162,45.47960271579081
Foyer_Standard,2,5,0.001,0.0005
Foyer_Standard,2,6,0.001,0.0005
Foyer_Standard,2,7,113.30131337264888,56.65065668632444
Foyer_Standard,2,8,141.6263917158111,70.81319585790555
Foyer_Standard,2,9,103.85962059159482,51.92981029579741
Foyer_Standard,2,10,0.0012333333333333332,0.0006166666666666666
Foyer_Standard,2,11,460.55864117761996,230.27932058880998
Foyer_Standard,2,12,440.38210133232167,220.19105066616083
Foyer_Standard,2,13,1142.307639711123,571.1538198555616
Foyer_Standard,2,14,714.400307636881,357.2001538184405
Foyer_Standard,2,15,1691.4124336102502,845.7062168051251
Foyer_Standard,2,16,255.01858819197818,127.50929409598909
Foyer_Standard,2,17,854.0155623040757,427.00778115203786
Foyer_Standard,2,18,0.002,0.001
Foyer_Standard,2,19,0.002,0.001
Foyer_Standard,2,20,0.002,0.001
Foyer_Standard,2,21,0.0014666666666666667,0.0007333333333333333
Foyer_Standard,2,22,33.335950927784296,16.667975463892148
Foyer_Standard,2,23,49.900955181036785,24.950477590518393
Foyer_Standard,2,24,166.62530177728178,83.31265088864089
Foyer_Standard,2,25,209.0678860294768,104.5339430147384
Foyer_Standard,2,26,209.0678860294768,104.5339430147384
Foyer_Standard,2,27,205.3967933109414,102.6983966554707
Foyer_Standard,2,28,216.2871674976602,108.1435837488301
Foyer_Standard,2,29,252.89048333431583,126.44524166715792
Foyer_Standard,2,30,234.1815101828796,117.0907550914398
Foyer_Standard,2,31,208.5159809320227,104.25799046601135
Foyer_Standard,2,32,212.4287329008949,106.21436645044744
Foyer_Standard,2,33,199.7856396206879,99.89281981034395
Foyer_Standard,2,34,247.57513342551377,123.78756671275688
Foyer_Standard,2,35,279.70177628372113,139.85088814186057
Foyer_Standard,2,36,261.66165174201507,130.83082587100753
Foyer_Standard,2,37,329.7704516870823,164.88522584354115
Foyer_Standard,2,38,229.46321576891427,114.73160788445713
Foyer_Standard,2,39,131.14367220329692,65.57183610164846
Foyer_Standard,2,40,135.99993078125937,67.99996539062968
Foyer_Standard,2,41,131.8598563525124,65.9299281762562
Foyer_Standard,2,42,112.78286067640269,56.391430338201346
Foyer_Standard,2,43,103.00775467179947,51.50387733589974
Foyer_Standard,2,44,126.18047157118149,63.09023578559074
Foyer_Standard,2,45,46.024897629929775,23.012448814964888
Foyer_Standard,2,46,15.252480466066327,7.626240233033164
Foyer_Standard,2,47,0.001,0.0005
Foyer_Standard,3,0,0.0,0.0
Foyer_Standard,3,1,0.0,0.0
Foyer_Standard,3,2,0.0004,0.0002
Foyer_Standard,3,3,0.001,0.0005
Foyer_Standard,3,4,0.001,0.0005
Foyer_Standard,3,5,14.122486466522695,7.061243233261347
Foyer_Standard,3,6,141.21586466522695,70.60793233261347
Foyer_Standard,3,7,141.21586466522695,70.60793233261347
Foyer_Standard,3,8,141.21586466522695,70.60793233261347
Foyer_Standard,3,9,141.21586466522695,70.60793233261347
Foyer_Standard,3,10,37.65843057739385,18.829215288696926
Foyer_Standard,3,11,0.0029000000000000002,0.0014500000000000001
Foyer_Standard,3,12,572.8544558871292,286.4272279435646
Foyer_Standard,3,13,823.9356771286537,411.9678385643268
Foyer_Standard,3,14,1643.373241187526,821.686620593763
Foyer_Standard,3,15,607.6519578987605,303.82597894938027
Foyer_Standard,3,16,275.51648169186234,137.75824084593117
Foyer_Standard,3,17,605.6055031134111,302.8027515567056
Foyer_Standard,3,18,337.63859624181146,168.81929812090573
Foyer_Standard,3,19,697.2851182552627,348.64255912763133
Foyer_Standard,3,20,143.94701490918368,71.97350745459184
Foyer_Standard,3,21,143.94701490918368,71.97350745459184
Foyer_Standard,3,22,189.62103700663602,94.81051850331801
Foyer_Standard,3,23,224.8460975560691,112.42304877803456
Foyer_Standard,3,24,193.45675988023413,96.72837994011707
Foyer_Standard,3,25,225.29292535905245,112.64646267952622
Foyer_Standard,3,26,204.9354274559327,102.46771372796636
Foyer_Standard,3,27,192.95534011426858,96.47767005713429
Foyer_Standard,3,28,63.40392669600327,31.701963348001634
Foyer_Standard,3,29,185.41266928595454,92.70633464297727
Foyer_Standard,3,30,190.28421728884274,95.14210864442137
Foyer_Standard,3,31,59.11886668298822,29.55943334149411
Foyer_Standard,3,32,55.949372842579336,27.974686421289668
Foyer_Standard,3,33,51.99061186375469,25.995305931877343
Foyer_Standard,3,34,62.0875467671938,31.0437733835969
Foyer_Standard,3,35,113.27482851189076,56.63741425594538
Foyer_Standard,3,36,236.0857815813626,118.0428907906813
Foyer_Standard,3,37,261.42385584700014,130.71192792350007
Foyer_Standard,3,38,148.66324412098564,74.33162206049282
Foyer_Standard,3,39,115.61622331123955,57.808111655619776
Foyer_Standard,3,40,245.45643421726473,122.72821710863236
Foyer_Standard,3,41,268.79385207683663,134.39692603841831
Foyer_Standard,3,42,235.10778125932944,117.55389062966472
Foyer_Standard,3,43,279.2351582264001,139.61757911320004
Foyer_Standard,3,44,210.740217687169,105.3701088435845
Foyer_Standard,3,45,36.35541137830325,18.177705689151626
Foyer_Standard,3,46,12.78031699779825,6.390158498899125
Foyer_Standard,3,47,0.001,0.0005
Foyer_Standard,4,0,0.001,0.0005
Foyer_Standard,4,1,0.001,0.0005
Foyer_Standard,4,2,0.001,0.0005
Foyer_Standard,4,3,0.001,0.0005
Foyer_Standard,4,4,0.001,0.0005
Foyer_Standard,4,5,0.001,0.0005
Foyer_Standard,4,6,0.001,0.0005
Foyer_Standard,4,7,0.001,0.0005
Foyer_Standard,4,8,0.001,0.0005
Foyer_Standard,4,9,0.001,0.0005
Foyer_Standard,4,10,0.001,0.0005
Foyer_Standard,4,11,0.0021666666666666666,0.0010833333333333333
Foyer_Standard,4,12,372.547813118094,186.273906559047
Foyer_Standard,4,13,2404.311379058317,1202.1556895291585
Foyer_Standard,4,14,702.461710138616,351.230855069308
Foyer_Standard,4,15,668.4760611462623,334.23803057313114
Foyer_Standard,4,16,737.9594073987686,368.9797036993843
Foyer_Standard,4,17,0.0025,0.00125
Foyer_Standard,4,18,103.51998848484149,51.759994242420746
Foyer_Standard,4,19,621.109930909049,310.5549654545245
Foyer_Standard,4,20,154.7780015385855,77.38900076929275
Foyer_Standard,4,21,24.185985519199786,12.092992759599893
Foyer_Standard,4,22,0.001,0.0005
Foyer_Standard,4,23,24.437751753312273,12.218875876656137
Foyer_Standard,4,24,146.62151051987362,73.31075525993681
Foyer_Standard,4,25,168.28276431083867,84.14138215541934
Foyer_Standard,4,26,205.35878305597993,102.67939152798996
Foyer_Standard,4,27,193.79269482577865,96.89634741288933
Foyer_Standard,4,28,193.79269482577865,96.89634741288933
Foyer_Standard,4,29,184.01799412445374,92.00899706222687
Foyer_Standard,4,30,50.628562299794105,25.314281149897052
Foyer_Standard,4,31,147.0463027848527,73.52315139242636
Foyer_Standard,4,32,236.0596507456475,118.02982537282375
Foyer_Standard,4,33,236.0596507456475,118.02982537282375
Foyer_Standard,4,34,228.6354630184948,114.3177315092474
Foyer_Standard,4,35,229.7284435625895,114.86422178129475
Foyer_Standard,4,36,318.9809077518794,159.4904538759397
Foyer_Standard,4,37,369.1123504188034,184.5561752094017
Foyer_Standard,4,38,344.3124013333883,172.15620066669416
Foyer_Standard,4,39,233.08941069729934,116.54470534864967
Foyer_Standard,4,40,282.70877827603084,141.35438913801542
Foyer_Standard,4,41,260.54788272645885,130.27394136322943
Foyer_Standard,4,42,145.15421732382754,72.57710866191377
Foyer_Standard,4,43,137.89113410408592,68.94556705204296
Foyer_Standard,4,44,118.46671143231295,59.233355716156474
Foyer_Standard,4,45,127.50852224632035,63.75426112316018
Foyer_Standard,4,46,40.48335802721895,20.241679013609474
Foyer_Standard,4,47,0.0,0.0
Foyer_Standard,5,0,0.0,0.0
Foyer_Standard,5,1,0.0,0.0
Foyer_Standard,5,2,0.0,0.0
Foyer_Standard,5,3,0.0008333333333333334,0.0004166666666666667
Foyer_Standard,5,4,0.001,0.0005
Foyer_Standard,5,5,84.87186710254501,42.435933551272505
Foyer_Standard,5,6,159.1338758172719,79.56693790863595
Foyer_Standard,5,7,159.1338758172719,79.56693790863595
Foyer_Standard,5,8,159.1338758172719,79.56693790863595
Foyer_Standard,5,9,159.1338758172719,79.56693790863595
Foyer_Standard,5,10,159.13390915060523,79.56695457530262
Foyer_Standard,5,11,507.33654241063107,253.66827120531553
Foyer_Standard,5,12,742.8950352775099,371.44751763875496
Foyer_Standard,5,13,1189.118111413676,594.559055706838
Foyer_Standard,5,14,1380.9687122167554,690.4843561083777
Foyer_Standard,5,15,962.9499211669416,481.4749605834708
Foyer_Standard,5,16,419.91354778395845,209.95677389197922
Foyer_Standard,5,17,0.0023000000000000004,0.0011500000000000002
Foyer_Standard,5,18,65.90552536419908,32.95276268209954
Foyer_Standard,5,19,152.08644314815172,76.04322157407586
Foyer_Standard,5,20,152.08644314815172,76.04322157407586
Foyer_Standard,5,21,152.08644314815172,76.04322157407586
Foyer_Standard,5,22,152.08644314815172,76.04322157407586
Foyer_Standard,5,23,40.557118172840454,20.278559086420227
Foyer_Standard,5,24,0.001,0.0005
Foyer_Standard,5,25,35.9173425648435,17.95867128242175
Foyer_Standard,5,26,79.1581730955633,39.57908654778165
Foyer_Standard,5,27,105.04551545384213,52.522757726921064
Foyer_Standard,5,28,105.04551545384213,52.522757726921064
Foyer_Standard,5,29,105.04551545384213,52.522757726921064
Foyer_Standard,5,30,220.6912789311984,110.3456394655992
Foyer_Standard,5,31,249.6027198005375,124.80135990026875
Foyer_Standard,5,32,249.6027198005375,124.80135990026875
Foyer_Standard,5,33,154.59079469425268,77.29539734712634
Foyer_Standard,5,34,100.13971107693358,50.06985553846679
Foyer_Standard,5,35,132.26463201493382,66.13231600746691
Foyer_Standard,5,36,202.35426781464972,101.17713390732486
Foyer_Standard,5,37,198.1955146013699,99.09775730068495
Foyer_Standard,5,38,221.5596171031765,110.77980855158825
Foyer_Standard,5,39,251.94261181110463,125.97130590555231
Foyer_Standard,5,40,255.18458537441498,127.59229268720749
Foyer_Standard,5,41,199.68048388062525,99.84024194031262
Foyer_Standard,5,42,240.53219682289654,120.26609841144827
Foyer_Standard,5,43,252.91779236577543,126.45889618288771
Foyer_Standard,5,44,117.23863528980179,58.619317644900896
Foyer_Standard,5,45,59.024915167307036,29.512457583653518
Foyer_Standard,5,46,51.38352906591419,25.691764532957095
Foyer_Standard,5,47,0.001,0.0005
Foyer_Standard,6,0,0.0,0.0
Foyer_Standard,6,1,0.0,0.0
Foyer_Standard,6,2,0.0,0.0
Foyer_Standard,6,3,0.0001,5e-05
Foyer_Standard,6,4,0.001,0.0005
Foyer_Standard,6,5,0.001,0.0005
Foyer_Standard,6,6,44.1596360535234,22.0798180267617
Foyer_Standard,6,7,147.19645351174466,73.59822675587233
Foyer_Standard,6,8,147.19645351174466,73.59822675587233
Foyer_Standard,6,9,147.19645351174466,73.59822675587233
Foyer_Standard,6,10,49.06658450391489,24.533292251957445
Foyer_Standard,6,11,0.002,0.001
Foyer_Standard,6,12,52.95027921517904,26.47513960758952
Foyer_Standard,6,13,193.89018093472973,96.94509046736486
Foyer_Standard,6,14,2132.865154879631,1066.4325774398155
Foyer_Standard,6,15,968.4627428173749,484.23137140868744
Foyer_Standard,6,16,1777.0896435412872,888.5448217706436
Foyer_Standard,6,17,548.9933957138139,274.49669785690696
Foyer_Standard,6,18,0.002,0.001
Foyer_Standard,6,19,106.33258722064143,53.166293610320714
Foyer_Standard,6,20,90.38276413754521,45.191382068772604
Foyer_Standard,6,21,0.001,0.0005
Foyer_Standard,6,22,162.70889908794348,81.35444954397174
Foyer_Standard,6,23,204.04051128394715,102.02025564197358
Foyer_Standard,6,24,207.5264999256784,103.7632499628392
Foyer_Standard,6,25,200.9296239796513,100.46481198982565
Foyer_Standard,6,26,200.9296239796513,100.46481198982565
Foyer_Standard,6,27,195.83103293487014,97.91551646743507
Foyer_Standard,6,28,129.77434354277594,64.88717177138797
Foyer_Standard,6,29,92.93842019179195,46.469210095895974
Foyer_Standard,6,30,81.31279247611847,40.65639623805924
Foyer_Standard,6,31,101.84868227336442,50.92434113668221
Foyer_Standard,6,32,52.068915214755705,26.034457607377853
Foyer_Standard,6,33,81.57408669140659,40.787043345703296
Foyer_Standard,6,34,70.91651954130856,35.45825977065428
Foyer_Standard,6,35,78.981092916145,39.4905464580725
Foyer_Standard,6,36,189.63092226349895,94.81546113174947
Foyer_Standard,6,37,339.190577207591,169.5952886037955
Foyer_Standard,6,38,332.0609830024715,166.03049150123576
Foyer_Standard,6,39,297.96958747615827,148.98479373807913
Foyer_Standard,6,40,284.2010164209248,142.1005082104624
Foyer_Standard,6,41,210.25270300460437,105.12635150230219
Foyer_Standard,6,42,71.31937958501467,35.659689792507336
Foyer_Standard,6,43,95.3932124458627,47.69660622293135
Foyer_Standard,6,44,61.213655182267345,30.606827591133673
Foyer_Standard,6,45,65.58811367250338,32.79405683625169
Foyer_Standard,6,46,112.84603896344213,56.42301948172106
Foyer_Standard,6,47,0.001,0.0005
Foyer_Standard,7,0,0.001,0.0005
Foyer_Standard,7,1,0.001,0.0005
Foyer_Standard,7,2,0.001,0.0005
Foyer_Standard,7,3,0.001,0.0005
Foyer_Standard,7,4,0.001,0.0005
Foyer_Standard,7,5,0.001,0.0005
Foyer_Standard,7,6,0.001,0.0005
Foyer_Standard,7,7,9.217751507924781,4.608875753962391
Foyer_Standard,7,8,138.2522726188717,69.12613630943585
Foyer_Standard,7,9,138.2522726188717,69.12613630943585
Foyer_Standard,7,10,46.0849575396239,23.04247876981195
Foyer_Standard,7,11,0.002,0.001
Foyer_Standard,7,12,0.002,0.001
Foyer_Standard,7,13,548.1550493138243,274.07752465691215
Foyer_Standard,7,14,762.1615612229132,381.0807806114566
Foyer_Standard,7,15,1862.4159805627903,931.2079902813952
Foyer_Standard,7,16,1915.6358197521263,957.8179098760631
Foyer_Standard,7,17,120.20829279150031,60.104146395750156
Foyer_Standard,7,18,100.2588941681012,50.1294470840506
Foyer_Standard,7,19,0.0015333333333333334,0.0007666666666666667
Foyer_Standard,7,20,0.001,0.0005
Foyer_Standard,7,21,0.001,0.0005
Foyer_Standard,7,22,0.001,0.0005
Foyer_Standard,7,23,142.6306051749246,71.3153025874623
Foyer_Standard,7,24,206.32323548129526,103.16161774064763
Foyer_Standard,7,25,200.54266558497014,100.27133279248507
Foyer_Standard,7,26,121.45855676781493,60.72927838390746
Foyer_Standard,7,27,206.5776650308445,103.28883251542226
Foyer_Standard,7,28,205.0117537962557,102.50587689812785
Foyer_Standard,7,29,164.4211918803225,82.21059594016126
Foyer_Standard,7,30,146.98555363171397,73.49277681585698
Foyer_Standard,7,31,155.11300093556716,77.55650046778358
Foyer_Standard,7,32,117.70679231241348,58.85339615620674
Foyer_Standard,7,33,206.38217466510608,103.19108733255304
Foyer_Standard,7,34,206.38217466510608,103.19108733255304
Foyer_Standard,7,35,220.41253696670137,110.20626848335068
Foyer_Standard,7,36,283.3479794317367,141.67398971586834
Foyer_Standard,7,37,354.1024825821829,177.05124129109146
Foyer_Standard,7,38,354.1024825821829,177.05124129109146
Foyer_Standard,7,39,314.88728546599515,157.44364273299757
Foyer_Standard,7,40,238.05480630683206,119.02740315341603
Foyer_Standard,7,41,158.9920614605903,79.49603073029515
Foyer_Standard,7,42,136.75536183097827,68.37768091548914
Foyer_Standard,7,43,288.6133875230958,144.3066937615479
Foyer_Standard,7,44,228.63029733064275,114.31514866532137
Foyer_Standard,7,45,161.51212846851465,80.75606423425732
Foyer_Standard,7,46,3.1708271051703036,1.5854135525851518
Foyer_Standard,7,47,0.001,0.0005
