minute,heure,TV_W,Eclairage_LED_W,Ventilateur_W,Refrigerateur_W,Total_agrege_W
0,0.0,0.0,0.0,0.0,0.001,0.001
1,0.016666666666666666,0.0,0.0,0.0,0.001,0.001
2,0.03333333333333333,0.0,0.0,0.0,0.001,0.001
3,0.05,0.0,0.0,0.0,0.001,0.001
4,0.06666666666666667,0.0,0.0,0.0,0.001,0.001
5,0.08333333333333333,0.0,0.0,0.0,0.001,0.001
6,0.1,0.0,0.0,0.0,0.001,0.001
7,0.11666666666666667,0.0,0.0,0.0,0.001,0.001
8,0.13333333333333333,0.0,0.0,0.0,0.001,0.001
9,0.15,0.0,0.0,0.0,0.001,0.001
10,0.16666666666666666,0.0,0.0,0.0,0.001,0.001
11,0.18333333333333332,0.0,0.0,0.0,0.001,0.001
12,0.2,0.0,0.0,0.0,0.001,0.001
13,0.21666666666666667,0.0,0.0,0.0,0.001,0.001
14,0.23333333333333334,0.0,0.0,0.0,0.001,0.001
15,0.25,0.0,0.0,0.0,0.001,0.001
16,0.26666666666666666,0.0,0.0,0.0,0.001,0.001
17,0.2833333333333333,0.0,0.0,0.0,0.001,0.001
18,0.3,0.0,0.0,0.0,0.001,0.001
19,0.31666666666666665,0.0,0.0,0.0,0.001,0.001
20,0.3333333333333333,0.0,0.0,0.0,0.001,0.001
21,0.35,0.0,0.0,0.0,0.001,0.001
22,0.36666666666666664,0.0,0.0,0.0,0.001,0.001
23,0.38333333333333336,0.0,0.0,0.0,0.001,0.001
24,0.4,0.0,0.0,0.0,0.001,0.001
25,0.4166666666666667,0.0,0.0,0.0,0.001,0.001
26,0.43333333333333335,0.0,0.0,0.0,0.001,0.001
27,0.45,0.0,0.0,0.0,0.001,0.001
28,0.4666666666666667,0.0,0.0,0.0,0.001,0.001
29,0.48333333333333334,0.0,0.0,0.0,0.001,0.001
30,0.5,0.0,0.0,0.0,0.001,0.001
31,0.5166666666666667,0.0,0.0,0.0,0.001,0.001
32,0.5333333333333333,0.0,0.0,0.0,0.001,0.001
33,0.55,0.0,0.0,0.0,0.001,0.001
34,0.5666666666666667,0.0,0.0,0.0,0.001,0.001
35,0.5833333333333334,0.0,0.0,0.0,0.001,0.001
36,0.6,0.0,0.0,0.0,0.001,0.001
37,0.6166666666666667,0.0,0.0,0.0,0.001,0.001
38,0.6333333333333333,0.0,0.0,0.0,0.001,0.001
39,0.65,0.0,0.0,0.0,0.001,0.001
40,0.6666666666666666,0.0,0.0,0.0,0.001,0.001
41,0.6833333333333333,0.0,0.0,0.0,0.001,0.001
42,0.7,0.0,0.0,0.0,0.001,0.001
43,0.7166666666666667,0.0,0.0,0.0,0.001,0.001
44,0.7333333333333333,0.0,0.0,0.0,0.001,0.001
45,0.75,0.0,0.0,0.0,0.001,0.001
46,0.7666666666666667,0.0,0.0,0.0,0.001,0.001
47,0.7833333333333333,0.0,0.0,0.0,0.001,0.001
48,0.8,0.0,0.0,0.0,0.001,0.001
49,0.8166666666666667,0.0,0.0,0.0,0.001,0.001
50,0.8333333333333334,0.0,0.0,0.0,0.001,0.001
51,0.85,0.0,0.0,0.0,0.001,0.001
52,0.8666666666666667,0.0,0.0,0.0,0.001,0.001
53,0.8833333333333333,0.0,0.0,0.0,0.001,0.001
54,0.9,0.0,0.0,0.0,0.001,0.001
55,0.9166666666666666,0.0,0.0,0.0,0.001,0.001
56,0.9333333333333333,0.0,0.0,0.0,0.001,0.001
57,0.95,0.0,0.0,0.0,0.001,0.001
58,0.9666666666666667,0.0,0.0,0.0,0.001,0.001
59,0.9833333333333333,0.0,0.0,0.0,0.001,0.001
60,1.0,0.0,0.0,0.0,0.001,0.001
61,1.0166666666666666,0.0,0.0,0.0,0.001,0.001
62,1.0333333333333334,0.0,0.0,0.0,0.001,0.001
63,1.05,0.0,0.0,0.0,0.001,0.001
64,1.0666666666666667,0.0,0.0,0.0,0.001,0.001
65,1.0833333333333333,0.0,0.0,0.0,0.001,0.001
66,1.1,0.0,0.0,0.0,0.001,0.001
67,1.1166666666666667,0.0,0.0,0.0,0.001,0.001
68,1.1333333333333333,0.0,0.0,0.0,0.001,0.001
69,1.15,0.0,0.0,0.0,0.001,0.001
70,1.1666666666666667,0.0,0.0,0.0,0.001,0.001
71,1.1833333333333333,0.0,0.0,0.0,0.001,0.001
72,1.2,0.0,0.0,0.0,0.001,0.001
73,1.2166666666666666,0.0,0.0,0.0,0.001,0.001
74,1.2333333333333334,0.0,0.0,0.0,0.001,0.001
75,1.25,0.0,0.0,0.0,0.001,0.001
76,1.2666666666666666,0.0,0.0,0.0,0.001,0.001
77,1.2833333333333334,0.0,0.0,0.0,0.001,0.001
78,1.3,0.0,0.0,0.0,0.001,0.001
79,1.3166666666666667,0.0,0.0,0.0,0.001,0.001
80,1.3333333333333333,0.0,0.0,0.0,0.001,0.001
81,1.35,0.0,0.0,0.0,0.001,0.001
82,1.3666666666666667,0.0,0.0,0.0,0.001,0.001
83,1.3833333333333333,0.0,0.0,0.0,0.001,0.001
84,1.4,0.0,0.0,0.0,0.001,0.001
85,1.4166666666666667,0.0,0.0,0.0,0.001,0.001
86,1.4333333333333333,0.0,0.0,0.0,0.001,0.001
87,1.45,0.0,0.0,0.0,0.001,0.001
88,1.4666666666666666,0.0,0.0,0.0,0.001,0.001
89,1.4833333333333334,0.0,0.0,0.0,0.001,0.001
90,1.5,0.0,0.0,0.0,0.001,0.001
91,1.5166666666666666,0.0,0.0,0.0,0.001,0.001
92,1.5333333333333334,0.0,0.0,0.0,0.001,0.001
93,1.55,0.0,0.0,0.0,0.001,0.001
94,1.5666666666666667,0.0,0.0,0.0,0.001,0.001
95,1.5833333333333333,0.0,0.0,0.0,0.001,0.001
96,1.6,0.0,0.0,0.0,0.001,0.001
97,1.6166666666666667,0.0,0.0,0.0,0.001,0.001
98,1.6333333333333333,0.0,0.0,0.0,0.001,0.001
99,1.65,0.0,0.0,0.0,0.001,0.001
100,1.6666666666666667,0.0,0.0,0.0,0.001,0.001
101,1.6833333333333333,0.0,0.0,0.0,0.001,0.001
102,1.7,0.0,0.0,0.0,0.001,0.001
103,1.7166666666666666,0.0,0.0,0.0,0.001,0.001
104,1.7333333333333334,0.0,0.0,0.0,0.001,0.001
105,1.75,0.0,0.0,0.0,0.001,0.001
106,1.7666666666666666,0.0,0.0,0.0,0.001,0.001
107,1.7833333333333334,0.0,0.0,0.0,0.001,0.001
108,1.8,0.0,0.0,0.0,0.001,0.001
109,1.8166666666666667,0.0,0.0,0.0,0.001,0.001
110,1.8333333333333333,0.0,0.0,0.0,0.001,0.001
111,1.85,0.0,0.0,0.0,0.001,0.001
112,1.8666666666666667,0.0,0.0,0.0,0.001,0.001
113,1.8833333333333333,0.0,0.0,0.0,0.001,0.001
114,1.9,0.0,0.0,0.0,0.001,0.001
115,1.9166666666666667,0.0,0.0,0.0,0.001,0.001
116,1.9333333333333333,0.0,0.0,0.0,0.001,0.001
117,1.95,0.0,0.0,0.0,0.001,0.001
118,1.9666666666666666,0.0,0.0,0.0,0.001,0.001
119,1.9833333333333334,0.0,0.0,0.0,0.001,0.001
120,2.0,0.0,0.0,0.0,0.001,0.001
121,2.0166666666666666,0.0,0.0,0.0,0.001,0.001
122,2.033333333333333,0.0,0.0,0.0,0.001,0.001
123,2.05,0.0,0.0,0.0,0.001,0.001
124,2.066666666666667,0.0,0.0,0.0,0.001,0.001
125,2.0833333333333335,0.0,0.0,0.0,0.001,0.001
126,2.1,0.0,0.0,0.0,0.001,0.001
127,2.1166666666666667,0.0,0.0,0.0,0.001,0.001
128,2.1333333333333333,0.0,0.0,0.0,0.001,0.001
129,2.15,0.0,0.0,0.0,0.001,0.001
130,2.1666666666666665,0.0,0.0,0.0,0.001,0.001
131,2.183333333333333,0.0,0.0,0.0,0.001,0.001
132,2.2,0.0,0.0,0.0,0.001,0.001
133,2.216666666666667,0.0,0.0,0.0,0.001,0.001
134,2.2333333333333334,0.0,0.0,0.0,0.001,0.001
135,2.25,0.0,0.0,0.0,0.001,0.001
136,2.2666666666666666,0.0,0.0,0.0,0.001,0.001
137,2.283333333333333,0.0,0.0,0.0,0.001,0.001
138,2.3,0.0,0.0,0.0,0.001,0.001
139,2.316666666666667,0.0,0.0,0.0,0.001,0.001
140,2.3333333333333335,0.0,0.0,0.0,0.001,0.001
141,2.35,0.0,0.0,0.0,0.001,0.001
142,2.3666666666666667,0.0,0.0,0.0,0.001,0.001
143,2.3833333333333333,0.0,0.0,0.0,0.001,0.001
144,2.4,0.0,0.0,0.0,0.001,0.001
145,2.4166666666666665,0.0,0.0,0.0,0.001,0.001
146,2.433333333333333,0.0,0.0,0.0,0.001,0.001
147,2.45,0.0,0.0,0.0,0.001,0.001
148,2.466666666666667,0.0,0.0,0.0,0.001,0.001
149,2.4833333333333334,0.0,0.0,0.0,0.001,0.001
150,2.5,0.0,0.0,0.0,0.001,0.001
151,2.5166666666666666,0.0,0.0,0.0,0.001,0.001
152,2.533333333333333,0.0,0.0,0.0,0.001,0.001
153,2.55,0.0,0.0,0.0,0.001,0.001
154,2.566666666666667,0.0,0.0,0.0,0.001,0.001
155,2.5833333333333335,0.0,0.0,0.0,0.001,0.001
156,2.6,0.0,0.0,0.0,0.001,0.001
157,2.6166666666666667,0.0,0.0,0.0,0.001,0.001
158,2.6333333333333333,0.0,0.0,0.0,0.001,0.001
159,2.65,0.0,0.0,0.0,0.001,0.001
160,2.6666666666666665,0.0,0.0,0.0,0.001,0.001
161,2.683333333333333,0.0,0.0,0.0,0.001,0.001
162,2.7,0.0,0.0,0.0,0.001,0.001
163,2.716666666666667,0.0,0.0,0.0,0.001,0.001
164,2.7333333333333334,0.0,0.0,0.0,0.001,0.001
165,2.75,0.0,0.0,0.0,0.001,0.001
166,2.7666666666666666,0.0,0.0,0.0,0.001,0.001
167,2.783333333333333,0.0,0.0,0.0,0.001,0.001
168,2.8,0.0,0.0,0.0,0.001,0.001
169,2.816666666666667,0.0,0.0,0.0,0.001,0.001
170,2.8333333333333335,0.0,0.0,0.0,0.001,0.001
171,2.85,0.0,0.0,0.0,0.001,0.001
172,2.8666666666666667,0.0,0.0,0.0,0.001,0.001
173,2.8833333333333333,0.0,0.0,0.0,0.001,0.001
174,2.9,0.0,0.0,0.0,0.001,0.001
175,2.9166666666666665,0.0,0.0,0.0,0.001,0.001
176,2.933333333333333,0.0,0.0,0.0,0.001,0.001
177,2.95,0.0,0.0,0.0,0.001,0.001
178,2.966666666666667,0.0,0.0,0.0,0.001,0.001
179,2.9833333333333334,0.0,0.0,0.0,0.001,0.001
180,3.0,0.0,0.0,0.0,0.001,0.001
181,3.0166666666666666,0.0,0.0,0.0,0.001,0.001
182,3.033333333333333,0.0,0.0,0.0,0.001,0.001
183,3.05,0.0,0.0,0.0,0.001,0.001
184,3.066666666666667,0.0,0.0,0.0,0.001,0.001
185,3.0833333333333335,0.0,0.0,0.0,0.001,0.001
186,3.1,0.0,0.0,0.0,0.001,0.001
187,3.1166666666666667,0.0,0.0,0.0,0.001,0.001
188,3.1333333333333333,0.0,0.0,0.0,0.001,0.001
189,3.15,0.0,0.0,0.0,0.001,0.001
190,3.1666666666666665,0.0,0.0,0.0,0.001,0.001
191,3.183333333333333,0.0,0.0,0.0,0.001,0.001
192,3.2,0.0,0.0,0.0,0.001,0.001
193,3.216666666666667,0.0,0.0,0.0,0.001,0.001
194,3.2333333333333334,0.0,0.0,0.0,0.001,0.001
195,3.25,0.0,0.0,0.0,0.001,0.001
196,3.2666666666666666,0.0,0.0,0.0,0.001,0.001
197,3.283333333333333,0.0,0.0,0.0,0.001,0.001
198,3.3,0.0,0.0,0.0,0.001,0.001
199,3.316666666666667,0.0,0.0,0.0,0.001,0.001
200,3.3333333333333335,0.0,0.0,0.0,0.001,0.001
201,3.35,0.0,0.0,0.0,0.001,0.001
202,3.3666666666666667,0.0,0.0,0.0,0.001,0.001
203,3.3833333333333333,0.0,0.0,0.0,0.001,0.001
204,3.4,0.0,0.0,0.0,0.001,0.001
205,3.4166666666666665,0.0,0.0,0.0,0.001,0.001
206,3.433333333333333,0.0,0.0,0.0,0.001,0.001
207,3.45,0.0,0.0,0.0,0.001,0.001
208,3.466666666666667,0.0,0.0,0.0,0.001,0.001
209,3.4833333333333334,0.0,0.0,0.0,0.001,0.001
210,3.5,0.0,0.0,0.0,0.001,0.001
211,3.5166666666666666,0.0,0.0,0.0,0.001,0.001
212,3.533333333333333,0.0,0.0,0.0,0.001,0.001
213,3.55,0.0,0.0,0.0,0.001,0.001
214,3.566666666666667,0.0,0.0,0.0,0.001,0.001
215,3.5833333333333335,0.0,0.0,0.0,0.001,0.001
216,3.6,0.0,0.0,0.0,0.001,0.001
217,3.6166666666666667,0.0,0.0,0.0,0.001,0.001
218,3.6333333333333333,0.0,0.0,0.0,0.001,0.001
219,3.65,0.0,0.0,0.0,0.001,0.001
220,3.6666666666666665,0.0,0.0,0.0,0.001,0.001
221,3.683333333333333,0.0,0.0,0.0,0.001,0.001
222,3.7,0.0,0.0,0.0,0.001,0.001
223,3.716666666666667,0.0,0.0,0.0,0.001,0.001
224,3.7333333333333334,0.0,0.0,0.0,0.001,0.001
225,3.75,0.0,0.0,0.0,0.001,0.001
226,3.7666666666666666,0.0,0.0,0.0,0.001,0.001
227,3.783333333333333,0.0,0.0,0.0,0.001,0.001
228,3.8,0.0,0.0,0.0,0.001,0.001
229,3.816666666666667,0.0,0.0,0.0,0.001,0.001
230,3.8333333333333335,0.0,0.0,0.0,0.001,0.001
231,3.85,0.0,0.0,0.0,0.001,0.001
232,3.8666666666666667,0.0,0.0,0.0,0.001,0.001
233,3.8833333333333333,0.0,0.0,0.0,0.001,0.001
234,3.9,0.0,0.0,0.0,0.001,0.001
235,3.9166666666666665,0.0,0.0,0.0,0.001,0.001
236,3.933333333333333,0.0,0.0,0.0,0.001,0.001
237,3.95,0.0,0.0,0.0,0.001,0.001
238,3.966666666666667,0.0,0.0,0.0,0.001,0.001
239,3.9833333333333334,0.0,0.0,0.0,0.001,0.001
240,4.0,0.0,0.0,0.0,0.001,0.001
241,4.016666666666667,0.0,0.0,0.0,0.001,0.001
242,4.033333333333333,0.0,0.0,0.0,0.001,0.001
243,4.05,0.0,0.0,0.0,0.001,0.001
244,4.066666666666666,0.0,0.0,0.0,0.001,0.001
245,4.083333333333333,0.0,0.0,0.0,0.001,0.001
246,4.1,0.0,0.0,0.0,0.001,0.001
247,4.116666666666666,0.0,0.0,0.0,0.001,0.001
248,4.133333333333334,0.0,0.0,0.0,0.001,0.001
249,4.15,0.0,0.0,0.0,0.001,0.001
250,4.166666666666667,0.0,0.0,0.0,0.001,0.001
251,4.183333333333334,0.0,0.0,0.0,0.001,0.001
252,4.2,0.0,0.0,0.0,0.001,0.001
253,4.216666666666667,0.0,0.0,0.0,0.001,0.001
254,4.233333333333333,0.0,0.0,0.0,0.001,0.001
255,4.25,0.0,0.0,0.0,0.001,0.001
256,4.266666666666667,0.0,0.0,0.0,0.001,0.001
257,4.283333333333333,0.0,0.0,0.0,0.001,0.001
258,4.3,0.0,0.0,0.0,0.001,0.001
259,4.316666666666666,0.0,0.0,0.0,0.001,0.001
260,4.333333333333333,0.0,0.0,0.0,0.001,0.001
261,4.35,0.0,0.0,0.0,0.001,0.001
262,4.366666666666666,0.0,0.0,0.0,0.001,0.001
263,4.383333333333334,0.0,0.0,0.0,0.001,0.001
264,4.4,0.0,0.0,0.0,0.001,0.001
265,4.416666666666667,0.0,0.0,0.0,0.001,0.001
266,4.433333333333334,0.0,0.0,0.0,0.001,0.001
267,4.45,0.0,0.0,0.0,0.001,0.001
268,4.466666666666667,0.0,0.0,0.0,0.001,0.001
269,4.483333333333333,0.0,0.0,0.0,0.001,0.001
270,4.5,0.0,0.0,0.0,0.001,0.001
271,4.516666666666667,0.0,0.0,0.0,0.001,0.001
272,4.533333333333333,0.0,0.0,0.0,0.001,0.001
273,4.55,0.0,0.0,0.0,0.001,0.001
274,4.566666666666666,0.0,0.0,0.0,0.001,0.001
275,4.583333333333333,0.0,0.0,0.0,0.001,0.001
276,4.6,0.0,0.0,0.0,0.001,0.001
277,4.616666666666666,0.0,0.0,0.0,0.001,0.001
278,4.633333333333334,0.0,0.0,0.0,0.001,0.001
279,4.65,0.0,0.0,0.0,0.001,0.001
280,4.666666666666667,0.0,0.0,0.0,0.001,0.001
281,4.683333333333334,0.0,0.0,0.0,0.001,0.001
282,4.7,0.0,0.0,0.0,0.001,0.001
283,4.716666666666667,0.0,0.0,0.0,0.001,0.001
284,4.733333333333333,0.0,0.0,0.0,0.001,0.001
285,4.75,0.0,0.0,0.0,0.001,0.001
286,4.766666666666667,0.0,0.0,0.0,0.001,0.001
287,4.783333333333333,0.0,0.0,0.0,0.001,0.001
288,4.8,0.0,0.0,0.0,0.001,0.001
289,4.816666666666666,0.0,0.0,0.0,0.001,0.001
290,4.833333333333333,0.0,0.0,0.0,0.001,0.001
291,4.85,0.0,0.0,0.0,0.001,0.001
292,4.866666666666666,0.0,0.0,0.0,0.001,0.001
293,4.883333333333334,0.0,0.0,0.0,0.001,0.001
294,4.9,0.0,0.0,0.0,0.001,0.001
295,4.916666666666667,0.0,0.0,0.0,150.0,150.0
296,4.933333333333334,0.0,0.0,0.0,150.0,150.0
297,4.95,0.0,0.0,0.0,150.0,150.0
298,4.966666666666667,0.0,0.0,0.0,150.0,150.0
299,4.983333333333333,0.0,0.0,0.0,150.0,150.0
300,5.0,0.0,0.0,0.0,150.0,150.0
301,5.016666666666667,0.0,0.0,0.0,150.0,150.0
302,5.033333333333333,0.0,0.0,0.0,150.0,150.0
303,5.05,0.0,0.0,0.0,150.0,150.0
304,5.066666666666666,0.0,0.0,0.0,150.0,150.0
305,5.083333333333333,0.0,0.0,0.0,150.0,150.0
306,5.1,0.0,0.0,0.0,150.0,150.0
307,5.116666666666666,0.0,0.0,0.0,150.0,150.0
308,5.133333333333334,0.0,0.0,0.0,150.0,150.0
309,5.15,0.0,0.0,0.0,150.0,150.0
310,5.166666666666667,0.0,0.0,0.0,150.0,150.0
311,5.183333333333334,0.0,0.0,0.0,150.0,150.0
312,5.2,0.0,0.0,0.0,150.0,150.0
313,5.216666666666667,0.0,0.0,0.0,150.0,150.0
314,5.233333333333333,0.0,0.0,0.0,150.0,150.0
315,5.25,0.0,0.0,0.0,150.0,150.0
316,5.266666666666667,0.0,0.0,0.0,150.0,150.0
317,5.283333333333333,0.0,0.0,0.0,150.0,150.0
318,5.3,0.0,0.0,0.0,150.0,150.0
319,5.316666666666666,0.0,0.0,0.0,150.0,150.0
320,5.333333333333333,0.0,0.0,0.0,150.0,150.0
321,5.35,0.0,0.0,0.0,150.0,150.0
322,5.366666666666666,0.0,0.0,0.0,150.0,150.0
323,5.383333333333334,0.0,0.0,0.0,150.0,150.0
324,5.4,0.0,0.0,0.0,150.0,150.0
325,5.416666666666667,0.0,0.0,0.0,150.0,150.0
326,5.433333333333334,0.0,0.0,0.0,150.0,150.0
327,5.45,0.0,0.0,0.0,150.0,150.0
328,5.466666666666667,0.0,0.0,0.0,150.0,150.0
329,5.483333333333333,0.0,0.0,0.0,150.0,150.0
330,5.5,0.0,0.0,0.0,150.0,150.0
331,5.516666666666667,0.0,0.0,0.0,150.0,150.0
332,5.533333333333333,0.0,0.0,0.0,150.0,150.0
333,5.55,0.0,0.0,0.0,150.0,150.0
334,5.566666666666666,0.0,0.0,0.0,150.0,150.0
335,5.583333333333333,0.0,0.0,0.0,150.0,150.0
336,5.6,0.0,0.0,0.0,150.0,150.0
337,5.616666666666666,0.0,0.0,0.0,150.0,150.0
338,5.633333333333334,0.0,0.0,0.0,150.0,150.0
339,5.65,0.0,0.0,0.0,150.0,150.0
340,5.666666666666667,0.0,0.0,0.0,150.0,150.0
341,5.683333333333334,0.0,0.0,0.0,150.0,150.0
342,5.7,0.0,0.0,0.0,150.0,150.0
343,5.716666666666667,0.0,0.0,0.0,150.0,150.0
344,5.733333333333333,0.0,0.0,0.0,150.0,150.0
345,5.75,0.0,0.0,0.0,150.0,150.0
346,5.766666666666667,0.0,0.0,0.0,150.0,150.0
347,5.783333333333333,0.0,0.0,0.0,150.0,150.0
348,5.8,0.0,0.0,0.0,150.0,150.0
349,5.816666666666666,0.0,0.0,0.0,150.0,150.0
350,5.833333333333333,0.0,0.0,0.0,150.0,150.0
351,5.85,0.0,0.0,0.0,150.0,150.0
352,5.866666666666666,0.0,0.0,0.0,150.0,150.0
353,5.883333333333334,0.0,0.0,0.0,150.0,150.0
354,5.9,0.0,0.0,0.0,150.0,150.0
355,5.916666666666667,0.0,0.0,0.0,150.0,150.0
356,5.933333333333334,0.0,0.0,0.0,150.0,150.0
357,5.95,0.0,0.0,0.0,150.0,150.0
358,5.966666666666667,0.0,0.0,0.0,150.0,150.0
359,5.983333333333333,0.0,0.0,0.0,150.0,150.0
360,6.0,0.0,0.0,0.0,150.0,150.0
361,6.016666666666667,0.0,0.0,0.0,150.0,150.0
362,6.033333333333333,0.0,0.0,0.0,150.0,150.0
363,6.05,0.0,0.0,0.0,150.0,150.0
364,6.066666666666666,0.0,0.0,0.0,150.0,150.0
365,6.083333333333333,0.0,0.0,0.0,150.0,150.0
366,6.1,0.0,0.0,0.0,150.0,150.0
367,6.116666666666666,0.0,0.0,0.0,150.0,150.0
368,6.133333333333334,0.0,0.0,0.0,150.0,150.0
369,6.15,0.0,0.0,0.0,150.0,150.0
370,6.166666666666667,0.0,0.0,0.0,150.0,150.0
371,6.183333333333334,0.0,0.0,0.0,150.0,150.0
372,6.2,0.0,0.0,0.0,150.0,150.0
373,6.216666666666667,0.0,0.0,0.0,150.0,150.0
374,6.233333333333333,0.0,0.0,0.0,150.0,150.0
375,6.25,0.0,0.0,0.0,150.0,150.0
376,6.266666666666667,0.0,0.0,0.0,150.0,150.0
377,6.283333333333333,0.0,0.0,0.0,150.0,150.0
378,6.3,0.0,0.0,0.0,150.0,150.0
379,6.316666666666666,0.0,0.0,0.0,150.0,150.0
380,6.333333333333333,0.0,0.0,0.0,150.0,150.0
381,6.35,0.0,0.0,0.0,150.0,150.0
382,6.366666666666666,0.0,0.0,0.0,150.0,150.0
383,6.383333333333334,0.0,0.0,0.0,150.0,150.0
384,6.4,0.0,0.0,0.0,150.0,150.0
385,6.416666666666667,0.0,0.0,0.0,150.0,150.0
386,6.433333333333334,0.0,0.0,0.0,150.0,150.0
387,6.45,0.0,0.0,0.0,150.0,150.0
388,6.466666666666667,0.0,0.0,0.0,150.0,150.0
389,6.483333333333333,0.0,0.0,0.0,150.0,150.0
390,6.5,0.0,0.0,0.0,0.001,0.001
391,6.516666666666667,0.0,0.0,0.0,0.001,0.001
392,6.533333333333333,0.0,0.0,0.0,0.001,0.001
393,6.55,0.0,0.0,0.0,0.001,0.001
394,6.566666666666666,0.0,0.0,0.0,0.001,0.001
395,6.583333333333333,0.0,0.0,0.0,0.001,0.001
396,6.6,0.0,0.0,0.0,0.001,0.001
397,6.616666666666666,0.0,0.0,0.0,0.001,0.001
398,6.633333333333334,0.0,0.0,0.0,0.001,0.001
399,6.65,0.0,0.0,0.0,0.001,0.001
400,6.666666666666667,0.0,0.0,0.0,0.001,0.001
401,6.683333333333334,0.0,0.0,0.0,0.001,0.001
402,6.7,0.0,0.0,0.0,0.001,0.001
403,6.716666666666667,0.0,0.0,0.0,0.001,0.001
404,6.733333333333333,0.0,0.0,0.0,0.001,0.001
405,6.75,0.0,0.0,0.0,0.001,0.001
406,6.766666666666667,0.0,0.0,0.0,0.001,0.001
407,6.783333333333333,0.0,0.0,0.0,0.001,0.001
408,6.8,0.0,0.0,0.0,0.001,0.001
409,6.816666666666666,0.0,0.0,0.0,0.001,0.001
410,6.833333333333333,0.0,0.0,0.0,0.001,0.001
411,6.85,0.0,0.0,0.0,0.001,0.001
412,6.866666666666666,0.0,0.0,0.0,0.001,0.001
413,6.883333333333334,0.0,0.0,0.0,0.001,0.001
414,6.9,0.0,0.0,0.0,0.001,0.001
415,6.916666666666667,0.0,0.0,0.0,0.001,0.001
416,6.933333333333334,0.0,0.0,0.0,0.001,0.001
417,6.95,0.0,0.0,0.0,0.001,0.001
418,6.966666666666667,0.0,0.0,0.0,0.001,0.001
419,6.983333333333333,0.0,0.0,0.0,0.001,0.001
420,7.0,0.0,0.0,0.0,0.001,0.001
421,7.016666666666667,0.0,0.0,0.0,0.001,0.001
422,7.033333333333333,0.0,0.0,0.0,0.001,0.001
423,7.05,0.0,0.0,0.0,0.001,0.001
424,7.066666666666666,0.0,0.0,0.0,0.001,0.001
425,7.083333333333333,0.0,0.0,0.0,0.001,0.001
426,7.1,0.0,0.0,0.0,0.001,0.001
427,7.116666666666666,0.0,0.0,0.0,0.001,0.001
428,7.133333333333334,0.0,0.0,0.0,0.001,0.001
429,7.15,0.0,0.0,0.0,0.001,0.001
430,7.166666666666667,0.0,0.0,0.0,0.001,0.001
431,7.183333333333334,0.0,0.0,0.0,0.001,0.001
432,7.2,0.0,0.0,0.0,0.001,0.001
433,7.216666666666667,0.0,0.0,0.0,0.001,0.001
434,7.233333333333333,0.0,0.0,0.0,0.001,0.001
435,7.25,0.0,0.0,0.0,0.001,0.001
436,7.266666666666667,0.0,0.0,0.0,0.001,0.001
437,7.283333333333333,0.0,0.0,0.0,0.001,0.001
438,7.3,0.0,0.0,0.0,0.001,0.001
439,7.316666666666666,0.0,0.0,0.0,0.001,0.001
440,7.333333333333333,0.0,0.0,0.0,0.001,0.001
441,7.35,0.0,0.0,0.0,0.001,0.001
442,7.366666666666666,0.0,0.0,0.0,0.001,0.001
443,7.383333333333334,0.0,0.0,0.0,0.001,0.001
444,7.4,0.0,0.0,0.0,0.001,0.001
445,7.416666666666667,0.0,0.0,0.0,0.001,0.001
446,7.433333333333334,0.0,0.0,0.0,0.001,0.001
447,7.45,0.0,0.0,0.0,0.001,0.001
448,7.466666666666667,0.0,0.0,0.0,0.001,0.001
449,7.483333333333333,0.0,0.0,0.0,0.001,0.001
450,7.5,0.0,0.0,0.0,0.001,0.001
451,7.516666666666667,0.0,0.0,0.0,0.001,0.001
452,7.533333333333333,0.0,0.0,0.0,0.001,0.001
453,7.55,0.0,0.0,0.0,0.001,0.001
454,7.566666666666666,0.0,0.0,0.0,0.001,0.001
455,7.583333333333333,0.0,0.0,0.0,0.001,0.001
456,7.6,0.0,0.0,0.0,0.001,0.001
457,7.616666666666666,0.0,0.0,0.0,0.001,0.001
458,7.633333333333334,0.0,0.0,0.0,0.001,0.001
459,7.65,0.0,0.0,0.0,0.001,0.001
460,7.666666666666667,0.0,0.0,0.0,0.001,0.001
461,7.683333333333334,0.0,0.0,0.0,0.001,0.001
462,7.7,0.0,0.0,0.0,0.001,0.001
463,7.716666666666667,0.0,0.0,0.0,0.001,0.001
464,7.733333333333333,0.0,0.0,0.0,0.001,0.001
465,7.75,0.0,0.0,0.0,0.001,0.001
466,7.766666666666667,0.0,0.0,0.0,0.001,0.001
467,7.783333333333333,0.0,0.0,0.0,0.001,0.001
468,7.8,0.0,0.0,0.0,0.001,0.001
469,7.816666666666666,0.0,0.0,0.0,0.001,0.001
470,7.833333333333333,0.0,0.0,0.0,0.001,0.001
471,7.85,0.0,0.0,0.0,0.001,0.001
472,7.866666666666666,0.0,0.0,0.0,0.001,0.001
473,7.883333333333334,0.0,0.0,0.0,0.001,0.001
474,7.9,0.0,0.0,0.0,0.001,0.001
475,7.916666666666667,0.0,0.0,0.0,0.001,0.001
476,7.933333333333334,0.0,0.0,0.0,0.001,0.001
477,7.95,0.0,0.0,0.0,0.001,0.001
478,7.966666666666667,0.0,0.0,0.0,0.001,0.001
479,7.983333333333333,0.0,0.0,0.0,0.001,0.001
480,8.0,0.0,0.0,0.0,0.001,0.001
481,8.016666666666667,0.0,0.0,0.0,0.001,0.001
482,8.033333333333333,0.0,0.0,0.0,0.001,0.001
483,8.05,0.0,0.0,0.0,0.001,0.001
484,8.066666666666666,0.0,0.0,0.0,0.001,0.001
485,8.083333333333334,0.0,0.0,0.0,0.001,0.001
486,8.1,0.0,0.0,0.0,0.001,0.001
487,8.116666666666667,0.0,0.0,0.0,0.001,0.001
488,8.133333333333333,0.0,0.0,0.0,0.001,0.001
489,8.15,0.0,0.0,0.0,0.001,0.001
490,8.166666666666666,0.0,0.0,0.0,0.001,0.001
491,8.183333333333334,0.0,0.0,0.0,0.001,0.001
492,8.2,0.0,0.0,0.0,0.001,0.001
493,8.216666666666667,0.0,0.0,0.0,0.001,0.001
494,8.233333333333333,0.0,0.0,0.0,0.001,0.001
495,8.25,0.0,0.0,0.0,0.001,0.001
496,8.266666666666667,0.0,0.0,0.0,0.001,0.001
497,8.283333333333333,0.0,0.0,0.0,0.001,0.001
498,8.3,0.0,0.0,0.0,0.001,0.001
499,8.316666666666666,0.0,0.0,0.0,0.001,0.001
500,8.333333333333334,0.0,0.0,0.0,0.001,0.001
501,8.35,0.0,0.0,0.0,0.001,0.001
502,8.366666666666667,0.0,0.0,0.0,0.001,0.001
503,8.383333333333333,0.0,0.0,0.0,0.001,0.001
504,8.4,0.0,0.0,0.0,0.001,0.001
505,8.416666666666666,0.0,0.0,0.0,0.001,0.001
506,8.433333333333334,0.0,0.0,0.0,0.001,0.001
507,8.45,0.0,0.0,0.0,0.001,0.001
508,8.466666666666667,0.0,0.0,0.0,0.001,0.001
509,8.483333333333333,0.0,0.0,0.0,0.001,0.001
510,8.5,0.0,0.0,0.0,0.001,0.001
511,8.516666666666667,0.0,0.0,0.0,0.001,0.001
512,8.533333333333333,0.0,0.0,0.0,0.001,0.001
513,8.55,0.0,0.0,0.0,0.001,0.001
514,8.566666666666666,0.0,0.0,0.0,0.001,0.001
515,8.583333333333334,0.0,0.0,0.0,0.001,0.001
516,8.6,0.0,0.0,0.0,0.001,0.001
517,8.616666666666667,0.0,0.0,0.0,0.001,0.001
518,8.633333333333333,0.0,0.0,0.0,0.001,0.001
519,8.65,0.0,0.0,0.0,0.001,0.001
520,8.666666666666666,0.0,0.0,0.0,0.001,0.001
521,8.683333333333334,0.0,0.0,0.0,0.001,0.001
522,8.7,0.0,0.0,0.0,0.001,0.001
523,8.716666666666667,0.0,0.0,0.0,0.001,0.001
524,8.733333333333333,0.0,0.0,0.0,0.001,0.001
525,8.75,0.0,0.0,0.0,0.001,0.001
526,8.766666666666667,0.0,0.0,0.0,0.001,0.001
527,8.783333333333333,0.0,0.0,0.0,0.001,0.001
528,8.8,0.0,0.0,0.0,0.001,0.001
529,8.816666666666666,0.0,0.0,0.0,0.001,0.001
530,8.833333333333334,0.0,0.0,0.0,0.001,0.001
531,8.85,0.0,0.0,0.0,0.001,0.001
532,8.866666666666667,0.0,0.0,0.0,0.001,0.001
533,8.883333333333333,0.0,0.0,0.0,0.001,0.001
534,8.9,0.0,0.0,0.0,0.001,0.001
535,8.916666666666666,0.0,0.0,0.0,0.001,0.001
536,8.933333333333334,0.0,0.0,0.0,0.001,0.001
537,8.95,0.0,0.0,0.0,0.001,0.001
538,8.966666666666667,0.0,0.0,0.0,0.001,0.001
539,8.983333333333333,0.0,0.0,0.0,0.001,0.001
540,9.0,0.0,0.0,0.0,0.001,0.001
541,9.016666666666667,0.0,0.0,0.0,0.001,0.001
542,9.033333333333333,0.0,0.0,0.0,0.001,0.001
543,9.05,0.0,0.0,0.0,0.001,0.001
544,9.066666666666666,0.0,0.0,0.0,0.001,0.001
545,9.083333333333334,0.0,0.0,0.0,0.001,0.001
546,9.1,0.0,0.0,0.0,0.001,0.001
547,9.116666666666667,0.0,0.0,0.0,0.001,0.001
548,9.133333333333333,0.0,0.0,0.0,0.001,0.001
549,9.15,0.0,0.0,0.0,0.001,0.001
550,9.166666666666666,0.0,0.0,0.0,0.001,0.001
551,9.183333333333334,0.0,0.0,0.0,0.001,0.001
552,9.2,0.0,0.0,0.0,0.001,0.001
553,9.216666666666667,0.0,0.0,0.0,0.001,0.001
554,9.233333333333333,0.0,0.0,0.0,0.001,0.001
555,9.25,0.0,0.0,0.0,0.001,0.001
556,9.266666666666667,0.0,0.0,0.0,0.001,0.001
557,9.283333333333333,0.0,0.0,0.0,0.001,0.001
558,9.3,0.0,0.0,0.0,0.001,0.001
559,9.316666666666666,0.0,0.0,0.0,0.001,0.001
560,9.333333333333334,0.0,0.0,0.0,0.001,0.001
561,9.35,0.0,0.0,0.0,0.001,0.001
562,9.366666666666667,0.0,0.0,0.0,0.001,0.001
563,9.383333333333333,0.0,0.0,0.0,0.001,0.001
564,9.4,0.0,0.0,0.0,0.001,0.001
565,9.416666666666666,0.0,0.0,0.0,0.001,0.001
566,9.433333333333334,0.0,0.0,0.0,0.001,0.001
567,9.45,0.0,0.0,0.0,0.001,0.001
568,9.466666666666667,0.0,0.0,0.0,0.001,0.001
569,9.483333333333333,0.0,0.0,0.0,0.001,0.001
570,9.5,0.0,0.0,0.0,0.001,0.001
571,9.516666666666667,0.0,0.0,0.0,0.001,0.001
572,9.533333333333333,0.0,0.0,0.0,0.001,0.001
573,9.55,0.0,0.0,0.0,0.001,0.001
574,9.566666666666666,0.0,0.0,0.0,0.001,0.001
575,9.583333333333334,0.0,0.0,0.0,0.001,0.001
576,9.6,0.0,0.0,0.0,0.001,0.001
577,9.616666666666667,0.0,0.0,0.0,0.001,0.001
578,9.633333333333333,0.0,0.0,0.0,0.001,0.001
579,9.65,0.0,0.0,0.0,0.001,0.001
580,9.666666666666666,0.0,0.0,0.0,0.001,0.001
581,9.683333333333334,0.0,0.0,0.0,0.001,0.001
582,9.7,0.0,0.0,0.0,0.001,0.001
583,9.716666666666667,0.0,0.0,0.0,0.001,0.001
584,9.733333333333333,0.0,0.0,0.0,0.001,0.001
585,9.75,0.0,0.0,0.0,0.001,0.001
586,9.766666666666667,0.0,0.0,0.0,0.001,0.001
587,9.783333333333333,0.0,0.0,0.0,0.001,0.001
588,9.8,0.0,0.0,0.0,0.001,0.001
589,9.816666666666666,0.0,0.0,0.0,0.001,0.001
590,9.833333333333334,0.0,0.0,0.0,0.001,0.001
591,9.85,0.0,0.0,0.0,0.001,0.001
592,9.866666666666667,0.0,0.0,0.0,0.001,0.001
593,9.883333333333333,0.0,0.0,0.0,0.001,0.001
594,9.9,0.0,0.0,0.0,0.001,0.001
595,9.916666666666666,0.0,0.0,0.0,0.001,0.001
596,9.933333333333334,0.0,0.0,0.0,0.001,0.001
597,9.95,0.0,0.0,0.0,0.001,0.001
598,9.966666666666667,0.0,0.0,0.0,0.001,0.001
599,9.983333333333333,0.0,0.0,0.0,0.001,0.001
600,10.0,0.0,0.0,0.0,0.001,0.001
601,10.016666666666667,0.0,0.0,0.0,0.001,0.001
602,10.033333333333333,0.0,0.0,0.0,0.001,0.001
603,10.05,0.0,0.0,0.0,0.001,0.001
604,10.066666666666666,0.0,0.0,0.0,0.001,0.001
605,10.083333333333334,0.0,0.0,0.0,0.001,0.001
606,10.1,0.0,0.0,0.0,0.001,0.001
607,10.116666666666667,0.0,0.0,0.0,0.001,0.001
608,10.133333333333333,0.0,0.0,0.0,0.001,0.001
609,10.15,0.0,0.0,0.0,0.001,0.001
610,10.166666666666666,0.0,0.0,0.0,0.001,0.001
611,10.183333333333334,0.0,0.0,0.0,0.001,0.001
612,10.2,0.0,0.0,0.0,0.001,0.001
613,10.216666666666667,0.0,0.0,0.0,0.001,0.001
614,10.233333333333333,0.0,0.0,0.0,0.001,0.001
615,10.25,0.0,0.0,0.0,0.001,0.001
616,10.266666666666667,0.0,0.0,0.0,0.001,0.001
617,10.283333333333333,0.0,0.0,0.0,0.001,0.001
618,10.3,0.0,0.0,0.0,0.001,0.001
619,10.316666666666666,0.0,0.0,0.0,0.001,0.001
620,10.333333333333334,0.0,0.0,0.0,0.001,0.001
621,10.35,0.0,0.0,0.0,0.001,0.001
622,10.366666666666667,0.0,0.0,0.0,0.001,0.001
623,10.383333333333333,0.0,0.0,0.0,0.001,0.001
624,10.4,0.0,0.0,0.0,0.001,0.001
625,10.416666666666666,0.0,0.0,0.0,0.001,0.001
626,10.433333333333334,0.0,0.0,0.0,0.001,0.001
627,10.45,0.0,0.0,0.0,0.001,0.001
628,10.466666666666667,0.0,0.0,0.0,0.001,0.001
629,10.483333333333333,0.0,0.0,0.0,0.001,0.001
630,10.5,0.0,0.0,0.0,0.001,0.001
631,10.516666666666667,0.0,0.0,0.0,0.001,0.001
632,10.533333333333333,0.0,0.0,0.0,0.001,0.001
633,10.55,0.0,0.0,0.0,0.001,0.001
634,10.566666666666666,0.0,0.0,0.0,0.001,0.001
635,10.583333333333334,0.0,0.0,0.0,0.001,0.001
636,10.6,0.0,0.0,0.0,0.001,0.001
637,10.616666666666667,0.0,0.0,0.0,0.001,0.001
638,10.633333333333333,0.0,0.0,0.0,0.001,0.001
639,10.65,0.0,0.0,0.0,0.001,0.001
640,10.666666666666666,0.0,0.0,0.0,0.001,0.001
641,10.683333333333334,0.0,0.0,0.0,0.001,0.001
642,10.7,0.0,0.0,0.0,0.001,0.001
643,10.716666666666667,0.0,0.0,0.0,0.001,0.001
644,10.733333333333333,0.0,0.0,0.0,0.001,0.001
645,10.75,0.0,0.0,0.0,0.001,0.001
646,10.766666666666667,0.0,0.0,0.0,0.001,0.001
647,10.783333333333333,0.0,0.0,0.0,0.001,0.001
648,10.8,0.0,0.0,0.0,0.001,0.001
649,10.816666666666666,0.0,0.0,0.0,0.001,0.001
650,10.833333333333334,0.0,0.0,0.0,0.001,0.001
651,10.85,0.0,0.0,0.0,0.001,0.001
652,10.866666666666667,0.0,0.0,0.0,0.001,0.001
653,10.883333333333333,0.0,0.0,0.0,0.001,0.001
654,10.9,0.0,0.0,0.0,0.001,0.001
655,10.916666666666666,0.0,0.0,0.0,0.001,0.001
656,10.933333333333334,0.0,0.0,0.0,0.001,0.001
657,10.95,0.0,0.0,0.0,0.001,0.001
658,10.966666666666667,0.0,0.0,0.0,0.001,0.001
659,10.983333333333333,0.0,0.0,0.0,0.001,0.001
660,11.0,0.0,0.0,0.0,0.001,0.001
661,11.016666666666667,0.0,0.0,0.0,0.001,0.001
662,11.033333333333333,0.0,0.0,0.0,0.001,0.001
663,11.05,0.0,0.0,0.0,0.001,0.001
664,11.066666666666666,0.0,0.0,0.0,0.001,0.001
665,11.083333333333334,0.0,0.0,0.0,0.001,0.001
666,11.1,0.0,0.0,0.0,0.001,0.001
667,11.116666666666667,0.0,0.0,0.0,0.001,0.001
668,11.133333333333333,0.0,0.0,0.0,0.001,0.001
669,11.15,0.0,0.0,0.0,0.001,0.001
670,11.166666666666666,0.0,0.0,0.0,0.001,0.001
671,11.183333333333334,0.0,0.0,0.0,0.001,0.001
672,11.2,0.0,0.0,0.0,0.001,0.001
673,11.216666666666667,0.0,0.0,0.0,0.001,0.001
674,11.233333333333333,0.0,0.0,0.0,0.001,0.001
675,11.25,0.0,0.0,0.0,0.001,0.001
676,11.266666666666667,0.0,0.0,0.0,0.001,0.001
677,11.283333333333333,0.0,0.0,0.0,0.001,0.001
678,11.3,0.0,0.0,0.0,0.001,0.001
679,11.316666666666666,0.0,0.0,0.0,0.001,0.001
680,11.333333333333334,0.0,0.0,0.0,0.001,0.001
681,11.35,0.0,0.0,0.0,0.001,0.001
682,11.366666666666667,0.0,0.0,0.0,0.001,0.001
683,11.383333333333333,0.0,0.0,0.0,0.001,0.001
684,11.4,0.0,0.0,0.0,0.001,0.001
685,11.416666666666666,0.0,0.0,0.0,0.001,0.001
686,11.433333333333334,0.0,0.0,0.0,0.001,0.001
687,11.45,0.0,0.0,0.0,0.001,0.001
688,11.466666666666667,0.0,0.0,0.0,0.001,0.001
689,11.483333333333333,0.0,0.0,0.0,0.001,0.001
690,11.5,0.0,0.0,0.0,0.001,0.001
691,11.516666666666667,0.0,0.0,0.0,0.001,0.001
692,11.533333333333333,0.0,0.0,0.0,0.001,0.001
693,11.55,0.0,0.0,0.0,0.001,0.001
694,11.566666666666666,0.0,0.0,0.0,0.001,0.001
695,11.583333333333334,0.0,0.0,0.0,0.001,0.001
696,11.6,0.0,0.0,0.0,0.001,0.001
697,11.616666666666667,0.0,0.0,0.0,0.001,0.001
698,11.633333333333333,0.0,0.0,0.0,0.001,0.001
699,11.65,0.0,0.0,0.0,0.001,0.001
700,11.666666666666666,0.0,0.0,0.0,0.001,0.001
701,11.683333333333334,0.0,0.0,0.0,0.001,0.001
702,11.7,0.0,0.0,0.0,0.001,0.001
703,11.716666666666667,0.0,0.0,0.0,0.001,0.001
704,11.733333333333333,0.0,0.0,0.0,0.001,0.001
705,11.75,0.0,0.0,0.0,0.001,0.001
706,11.766666666666667,0.0,0.0,0.0,0.001,0.001
707,11.783333333333333,0.0,0.0,0.0,0.001,0.001
708,11.8,0.0,0.0,0.0,0.001,0.001
709,11.816666666666666,0.0,0.0,0.0,0.001,0.001
710,11.833333333333334,0.0,0.0,0.0,0.001,0.001
711,11.85,0.0,0.0,0.0,0.001,0.001
712,11.866666666666667,0.0,0.0,0.0,0.001,0.001
713,11.883333333333333,0.0,0.0,0.0,0.001,0.001
714,11.9,0.0,0.0,0.0,0.001,0.001
715,11.916666666666666,0.0,0.0,0.0,0.001,0.001
716,11.933333333333334,0.0,0.0,0.0,0.001,0.001
717,11.95,0.0,0.0,0.0,0.001,0.001
718,11.966666666666667,0.0,0.0,0.0,0.001,0.001
719,11.983333333333333,0.0,0.0,0.0,0.001,0.001
720,12.0,0.0,0.0,0.0,0.001,0.001
721,12.016666666666667,0.0,0.0,0.0,0.001,0.001
722,12.033333333333333,0.0,0.0,0.0,0.001,0.001
723,12.05,0.0,0.0,0.0,0.001,0.001
724,12.066666666666666,0.0,0.0,0.0,0.001,0.001
725,12.083333333333334,0.0,0.0,0.001,0.001,0.002
726,12.1,0.0,0.0,50.0,0.001,50.001
727,12.116666666666667,0.0,0.0,0.001,0.001,0.002
728,12.133333333333333,0.0,0.0,100.0,0.001,100.001
729,12.15,0.0,0.0,50.0,0.001,50.001
730,12.166666666666666,0.0,0.0,50.0,0.001,50.001
731,12.183333333333334,0.0,0.0,100.0,0.001,100.001
732,12.2,0.0,0.0,100.0,0.001,100.001
733,12.216666666666667,0.0,0.0,100.0,0.001,100.001
734,12.233333333333333,0.0,0.0,50.0,0.001,50.001
735,12.25,0.0,0.0,50.0,0.001,50.001
736,12.266666666666667,0.0,0.0,50.0,0.001,50.001
737,12.283333333333333,0.0,0.0,50.0,0.001,50.001
738,12.3,0.0,0.0,50.0,0.001,50.001
739,12.316666666666666,0.0,0.0,50.0,0.001,50.001
740,12.333333333333334,0.0,0.0,50.0,0.001,50.001
741,12.35,0.0,0.0,50.0,0.001,50.001
742,12.366666666666667,0.0,0.0,50.0,0.001,50.001
743,12.383333333333333,0.0,0.0,50.0,0.001,50.001
744,12.4,0.0,0.0,50.0,0.001,50.001
745,12.416666666666666,0.0,0.0,50.0,0.001,50.001
746,12.433333333333334,0.0,0.0,50.0,0.001,50.001
747,12.45,0.0,0.0,50.0,0.001,50.001
748,12.466666666666667,0.0,0.0,50.0,0.001,50.001
749,12.483333333333333,0.0,0.0,50.0,0.001,50.001
750,12.5,0.0,0.0,50.0,0.001,50.001
751,12.516666666666667,0.0,0.0,0.001,0.001,0.002
752,12.533333333333333,0.0,0.0,50.0,0.001,50.001
753,12.55,0.0,0.0,50.0,0.001,50.001
754,12.566666666666666,0.0,0.0,50.0,0.001,50.001
755,12.583333333333334,0.0,0.0,50.0,0.001,50.001
756,12.6,0.0,0.0,50.0,0.001,50.001
757,12.616666666666667,0.0,0.0,50.0,0.001,50.001
758,12.633333333333333,0.0,0.0,50.0,0.001,50.001
759,12.65,0.0,0.0,50.0,0.001,50.001
760,12.666666666666666,0.0,0.0,50.0,0.001,50.001
761,12.683333333333334,0.0,0.0,0.001,0.001,0.002
762,12.7,0.0,0.0,0.001,0.001,0.002
763,12.716666666666667,0.0,0.0,100.0,0.001,100.001
764,12.733333333333333,0.0,0.0,100.0,0.001,100.001
765,12.75,0.0,0.0,50.0,0.001,50.001
766,12.766666666666667,0.0,0.0,0.001,0.001,0.002
767,12.783333333333333,0.0,0.0,50.0,0.001,50.001
768,12.8,0.0,0.0,50.0,0.001,50.001
769,12.816666666666666,0.0,0.0,100.0,0.001,100.001
770,12.833333333333334,0.0,0.0,100.0,0.001,100.001
771,12.85,0.0,0.0,100.0,0.001,100.001
772,12.866666666666667,0.0,0.0,100.0,0.001,100.001
773,12.883333333333333,0.0,0.0,100.0,0.001,100.001
774,12.9,0.0,0.0,100.0,0.001,100.001
775,12.916666666666666,0.0,0.0,100.0,0.001,100.001
776,12.933333333333334,0.0,0.0,100.0,0.001,100.001
777,12.95,0.0,0.0,100.0,0.001,100.001
778,12.966666666666667,0.0,0.0,100.0,0.001,100.001
779,12.983333333333333,0.0,0.0,100.0,0.001,100.001
780,13.0,0.0,0.0,100.0,0.001,100.001
781,13.016666666666667,0.0,0.0,50.0,0.001,50.001
782,13.033333333333333,0.0,0.0,50.0,0.001,50.001
783,13.05,0.0,0.0,50.0,0.001,50.001
784,13.066666666666666,0.0,0.0,0.001,0.001,0.002
785,13.083333333333334,0.0,0.0,50.0,0.001,50.001
786,13.1,0.0,0.0,50.0,0.001,50.001
787,13.116666666666667,0.0,0.0,50.0,0.001,50.001
788,13.133333333333333,0.0,0.0,50.0,0.001,50.001
789,13.15,0.0,0.0,100.0,0.001,100.001
790,13.166666666666666,0.0,0.0,100.0,0.001,100.001
791,13.183333333333334,0.0,0.0,100.0,0.001,100.001
792,13.2,0.0,0.0,100.0,0.001,100.001
793,13.216666666666667,0.0,0.0,100.0,0.001,100.001
794,13.233333333333333,0.0,0.0,100.0,0.001,100.001
795,13.25,0.0,0.0,100.0,0.001,100.001
796,13.266666666666667,0.0,0.0,100.0,0.001,100.001
797,13.283333333333333,0.0,0.0,100.0,0.001,100.001
798,13.3,0.0,0.0,100.0,0.001,100.001
799,13.316666666666666,0.0,0.0,100.0,0.001,100.001
800,13.333333333333334,0.0,0.0,100.0,0.001,100.001
801,13.35,0.0,0.0,100.0,150.0,250.0
802,13.366666666666667,0.0,0.0,100.0,150.0,250.0
803,13.383333333333333,0.0,0.0,100.0,150.0,250.0
804,13.4,0.0,0.0,0.001,150.0,150.001
805,13.416666666666666,0.0,0.0,50.0,150.0,200.0
806,13.433333333333334,0.0,0.0,50.0,150.0,200.0
807,13.45,0.0,0.0,50.0,150.0,200.0
808,13.466666666666667,0.0,0.0,0.001,150.0,150.001
809,13.483333333333333,0.0,0.0,0.001,150.0,150.001
810,13.5,0.0,0.0,0.001,150.0,150.001
811,13.516666666666667,0.0,0.0,50.0,150.0,200.0
812,13.533333333333333,0.0,0.0,50.0,150.0,200.0
813,13.55,0.0,0.0,50.0,150.0,200.0
814,13.566666666666666,0.0,0.0,0.001,150.0,150.001
815,13.583333333333334,0.0,0.0,50.0,150.0,200.0
816,13.6,0.0,0.0,50.0,150.0,200.0
817,13.616666666666667,0.0,0.0,50.0,150.0,200.0
818,13.633333333333333,0.0,0.0,0.001,150.0,150.001
819,13.65,0.0,0.0,50.0,150.0,200.0
820,13.666666666666666,0.0,0.0,50.0,150.0,200.0
821,13.683333333333334,0.0,0.0,0.001,150.0,150.001
822,13.7,0.0,0.0,100.0,150.0,250.0
823,13.716666666666667,0.0,0.0,50.0,150.0,200.0
824,13.733333333333333,0.0,0.0,50.0,150.0,200.0
825,13.75,0.0,0.0,0.001,150.0,150.001
826,13.766666666666667,0.0,0.0,50.0,150.0,200.0
827,13.783333333333333,0.0,0.0,50.0,150.0,200.0
828,13.8,0.0,0.0,50.0,150.0,200.0
829,13.816666666666666,0.0,0.0,50.0,150.0,200.0
830,13.833333333333334,0.0,0.0,50.0,150.0,200.0
831,13.85,0.0,0.0,0.001,150.0,150.001
832,13.866666666666667,0.0,0.0,50.0,150.0,200.0
833,13.883333333333333,0.0,0.0,50.0,150.0,200.0
834,13.9,0.0,0.0,50.0,150.0,200.0
835,13.916666666666666,0.0,0.0,50.0,150.0,200.0
836,13.933333333333334,0.0,0.0,50.0,150.0,200.0
837,13.95,0.0,0.0,50.0,150.0,200.0
838,13.966666666666667,0.0,0.0,50.0,150.0,200.0
839,13.983333333333333,0.0,0.0,50.0,150.0,200.0
840,14.0,0.0,0.0,50.0,150.0,200.0
841,14.016666666666667,0.0,0.0,50.0,150.0,200.0
842,14.033333333333333,0.0,0.0,50.0,150.0,200.0
843,14.05,0.0,0.0,50.0,150.0,200.0
844,14.066666666666666,0.0,0.0,50.0,150.0,200.0
845,14.083333333333334,0.0,0.0,50.0,150.0,200.0
846,14.1,0.0,0.0,50.0,150.0,200.0
847,14.116666666666667,0.0,0.0,50.0,150.0,200.0
848,14.133333333333333,0.0,0.0,50.0,150.0,200.0
849,14.15,0.0,0.0,50.0,150.0,200.0
850,14.166666666666666,0.0,0.0,50.0,150.0,200.0
851,14.183333333333334,0.0,0.0,50.0,150.0,200.0
852,14.2,0.0,0.0,50.0,150.0,200.0
853,14.216666666666667,0.0,0.0,50.0,150.0,200.0
854,14.233333333333333,0.0,0.0,50.0,150.0,200.0
855,14.25,0.0,0.0,50.0,150.0,200.0
856,14.266666666666667,0.0,0.0,50.0,150.0,200.0
857,14.283333333333333,0.0,0.0,50.0,150.0,200.0
858,14.3,0.0,0.0,50.0,150.0,200.0
859,14.316666666666666,0.0,0.0,50.0,150.0,200.0
860,14.333333333333334,0.0,0.0,50.0,150.0,200.0
861,14.35,0.0,0.0,50.0,150.0,200.0
862,14.366666666666667,0.0,0.0,50.0,150.0,200.0
863,14.383333333333333,0.0,0.0,50.0,150.0,200.0
864,14.4,0.0,0.0,50.0,150.0,200.0
865,14.416666666666666,0.0,0.0,50.0,150.0,200.0
866,14.433333333333334,0.0,0.0,50.0,150.0,200.0
867,14.45,0.0,0.0,50.0,150.0,200.0
868,14.466666666666667,0.0,0.0,50.0,150.0,200.0
869,14.483333333333333,0.0,0.0,50.0,150.0,200.0
870,14.5,0.0,0.0,50.0,150.0,200.0
871,14.516666666666667,0.0,0.0,50.0,150.0,200.0
872,14.533333333333333,0.0,0.0,50.0,150.0,200.0
873,14.55,0.0,0.0,50.0,150.0,200.0
874,14.566666666666666,0.0,0.0,50.0,150.0,200.0
875,14.583333333333334,0.0,0.0,50.0,150.0,200.0
876,14.6,0.0,0.0,50.0,150.0,200.0
877,14.616666666666667,0.0,0.0,50.0,150.0,200.0
878,14.633333333333333,0.0,0.0,50.0,150.0,200.0
879,14.65,0.0,0.0,50.0,150.0,200.0
880,14.666666666666666,0.0,0.0,50.0,150.0,200.0
881,14.683333333333334,0.0,0.0,50.0,150.0,200.0
882,14.7,0.0,0.0,50.0,150.0,200.0
883,14.716666666666667,0.0,0.0,50.0,150.0,200.0
884,14.733333333333333,0.0,0.0,100.0,150.0,250.0
885,14.75,0.0,0.0,50.0,150.0,200.0
886,14.766666666666667,0.0,0.0,100.0,150.0,250.0
887,14.783333333333333,0.0,0.0,0.001,150.0,150.001
888,14.8,0.0,0.0,100.0,150.0,250.0
889,14.816666666666666,0.0,0.0,0.001,150.0,150.001
890,14.833333333333334,0.0,0.0,100.0,150.0,250.0
891,14.85,0.0,0.0,50.0,150.0,200.0
892,14.866666666666667,0.0,0.0,50.0,150.0,200.0
893,14.883333333333333,0.0,0.0,50.0,150.0,200.0
894,14.9,0.0,0.0,50.0,150.0,200.0
895,14.916666666666666,0.0,0.0,50.0,150.0,200.0
896,14.933333333333334,0.0,0.0,50.0,150.0,200.0
897,14.95,0.0,0.0,50.0,150.0,200.0
898,14.966666666666667,0.0,0.0,50.0,150.0,200.0
899,14.983333333333333,0.0,0.0,50.0,150.0,200.0
900,15.0,0.0,0.0,50.0,150.0,200.0
901,15.016666666666667,0.0,0.0,50.0,150.0,200.0
902,15.033333333333333,0.0,0.0,50.0,150.0,200.0
903,15.05,0.0,0.0,50.0,150.0,200.0
904,15.066666666666666,0.0,0.0,0.001,150.0,150.001
905,15.083333333333334,0.0,0.0,50.0,150.0,200.0
906,15.1,0.0,0.0,50.0,150.0,200.0
907,15.116666666666667,0.0,0.0,50.0,150.0,200.0
908,15.133333333333333,0.0,0.0,0.001,150.0,150.001
909,15.15,0.0,0.0,0.001,150.0,150.001
910,15.166666666666666,0.0,0.0,50.0,150.0,200.0
911,15.183333333333334,0.0,0.0,50.0,150.0,200.0
912,15.2,0.0,0.0,0.001,150.0,150.001
913,15.216666666666667,0.0,0.0,0.001,150.0,150.001
914,15.233333333333333,0.0,0.0,0.001,150.0,150.001
915,15.25,0.0,0.0,50.0,150.0,200.0
916,15.266666666666667,0.0,0.0,50.0,150.0,200.0
917,15.283333333333333,0.0,0.0,50.0,150.0,200.0
918,15.3,0.0,0.0,50.0,150.0,200.0
919,15.316666666666666,0.0,0.0,0.001,150.0,150.001
920,15.333333333333334,0.0,0.0,0.001,150.0,150.001
921,15.35,0.0,0.0,0.001,150.0,150.001
922,15.366666666666667,0.0,0.0,100.0,150.0,250.0
923,15.383333333333333,0.0,0.0,0.001,150.0,150.001
924,15.4,0.0,0.0,50.0,150.0,200.0
925,15.416666666666666,0.0,0.0,50.0,150.0,200.0
926,15.433333333333334,0.0,0.0,50.0,150.0,200.0
927,15.45,0.0,0.0,50.0,150.0,200.0
928,15.466666666666667,0.0,0.0,50.0,150.0,200.0
929,15.483333333333333,0.0,0.0,50.0,150.0,200.0
930,15.5,0.0,0.0,50.0,150.0,200.0
931,15.516666666666667,0.0,0.0,50.0,150.0,200.0
932,15.533333333333333,0.0,0.0,50.0,150.0,200.0
933,15.55,0.0,0.0,0.001,150.0,150.001
934,15.566666666666666,0.0,0.0,0.001,150.0,150.001
935,15.583333333333334,0.0,0.0,100.0,150.0,250.0
936,15.6,0.0,0.0,50.0,150.0,200.0
937,15.616666666666667,0.0,0.0,50.0,150.0,200.0
938,15.633333333333333,0.0,0.0,50.0,150.0,200.0
939,15.65,0.0,0.0,50.0,150.0,200.0
940,15.666666666666666,0.0,0.0,50.0,150.0,200.0
941,15.683333333333334,0.0,0.0,50.0,150.0,200.0
942,15.7,0.0,0.0,50.0,150.0,200.0
943,15.716666666666667,0.0,0.0,50.0,150.0,200.0
944,15.733333333333333,0.0,0.0,50.0,150.0,200.0
945,15.75,0.0,0.0,50.0,150.0,200.0
946,15.766666666666667,0.0,0.0,50.0,150.0,200.0
947,15.783333333333333,0.0,0.0,50.0,150.0,200.0
948,15.8,0.0,0.0,50.0,150.0,200.0
949,15.816666666666666,0.0,0.0,50.0,150.0,200.0
950,15.833333333333334,0.0,0.0,0.001,150.0,150.001
951,15.85,0.0,0.0,50.0,150.0,200.0
952,15.866666666666667,0.0,0.0,0.001,150.0,150.001
953,15.883333333333333,0.0,0.0,0.001,150.0,150.001
954,15.9,0.0,0.0,50.0,150.0,200.0
955,15.916666666666666,0.0,0.0,50.0,150.0,200.0
956,15.933333333333334,0.0,0.0,50.0,150.0,200.0
957,15.95,0.0,0.0,50.0,150.0,200.0
958,15.966666666666667,0.0,0.0,50.0,150.0,200.0
959,15.983333333333333,0.0,0.0,50.0,150.0,200.0
960,16.0,0.0,0.0,50.0,150.0,200.0
961,16.016666666666666,0.0,0.0,50.0,150.0,200.0
962,16.033333333333335,0.0,0.0,50.0,150.0,200.0
963,16.05,0.0,0.0,50.0,150.0,200.0
964,16.066666666666666,0.0,0.0,50.0,150.0,200.0
965,16.083333333333332,0.0,0.0,50.0,150.0,200.0
966,16.1,0.0,0.0,50.0,150.0,200.0
967,16.116666666666667,0.0,0.0,50.0,150.0,200.0
968,16.133333333333333,0.0,0.0,50.0,150.0,200.0
969,16.15,0.0,0.0,50.0,150.0,200.0
970,16.166666666666668,0.0,0.0,50.0,150.0,200.0
971,16.183333333333334,0.0,0.0,50.0,150.0,200.0
972,16.2,0.0,0.0,50.0,150.0,200.0
973,16.216666666666665,0.0,0.0,0.001,150.0,150.001
974,16.233333333333334,0.0,0.0,50.0,150.0,200.0
975,16.25,0.0,0.0,50.0,150.0,200.0
976,16.266666666666666,0.0,0.0,0.001,150.0,150.001
977,16.283333333333335,0.0,0.0,100.0,150.0,250.0
978,16.3,0.0,0.0,50.0,150.0,200.0
979,16.316666666666666,0.0,0.0,50.0,150.0,200.0
980,16.333333333333332,0.0,0.0,50.0,150.0,200.0
981,16.35,0.0,0.0,50.0,150.0,200.0
982,16.366666666666667,0.0,0.0,50.0,150.0,200.0
983,16.383333333333333,0.0,0.0,50.0,150.0,200.0
984,16.4,0.0,0.0,50.0,150.0,200.0
985,16.416666666666668,0.0,0.0,50.0,150.0,200.0
986,16.433333333333334,0.0,0.0,50.0,150.0,200.0
987,16.45,0.0,0.0,50.0,150.0,200.0
988,16.466666666666665,0.0,0.0,50.0,150.0,200.0
989,16.483333333333334,0.0,0.0,50.0,150.0,200.0
990,16.5,0.0,0.0,50.0,150.0,200.0
991,16.516666666666666,0.0,0.0,50.0,150.0,200.0
992,16.533333333333335,0.0,0.0,50.0,150.0,200.0
993,16.55,0.0,0.0,0.001,150.0,150.001
994,16.566666666666666,0.0,0.0,0.001,150.0,150.001
995,16.583333333333332,0.0,0.0,100.0,150.0,250.0
996,16.6,0.0,0.0,50.0,150.0,200.0
997,16.616666666666667,0.0,0.0,50.0,150.0,200.0
998,16.633333333333333,0.0,0.0,0.001,150.0,150.001
999,16.65,0.0,0.0,100.0,150.0,250.0
1000,16.666666666666668,0.0,0.0,100.0,150.0,250.0
1001,16.683333333333334,0.0,0.0,100.0,150.0,250.0
1002,16.7,0.0,0.0,0.001,150.0,150.001
1003,16.716666666666665,0.0,0.0,0.001,150.0,150.001
1004,16.733333333333334,0.0,0.0,50.0,150.0,200.0
1005,16.75,0.0,0.0,100.0,150.0,250.0
1006,16.766666666666666,0.0,0.0,100.0,150.0,250.0
1007,16.783333333333335,0.0,0.0,100.0,150.0,250.0
1008,16.8,0.0,0.0,100.0,150.0,250.0
1009,16.816666666666666,0.0,0.0,0.001,150.0,150.001
1010,16.833333333333332,0.0,0.0,100.0,150.0,250.0
1011,16.85,0.0,0.0,0.001,150.0,150.001
1012,16.866666666666667,0.0,0.0,100.0,150.0,250.0
1013,16.883333333333333,0.0,0.0,0.001,150.0,150.001
1014,16.9,0.0,0.0,100.0,150.0,250.0
1015,16.916666666666668,0.0,0.0,0.001,150.0,150.001
1016,16.933333333333334,0.0,0.0,0.001,150.0,150.001
1017,16.95,0.0,0.0,100.0,150.0,250.0
1018,16.966666666666665,0.0,0.0,0.001,150.0,150.001
1019,16.983333333333334,0.0,0.0,50.0,150.0,200.0
1020,17.0,0.0,0.0,50.0,150.0,200.0
1021,17.016666666666666,0.0,0.0,50.0,150.0,200.0
1022,17.033333333333335,0.0,0.0,50.0,150.0,200.0
1023,17.05,0.0,0.0,50.0,150.0,200.0
1024,17.066666666666666,0.0,0.0,50.0,150.0,200.0
1025,17.083333333333332,0.0,0.0,50.0,150.0,200.0
1026,17.1,0.0,0.0,50.0,150.0,200.0
1027,17.116666666666667,0.0,0.0,50.0,150.0,200.0
1028,17.133333333333333,0.0,0.0,50.0,150.0,200.0
1029,17.15,0.0,0.0,50.0,150.0,200.0
1030,17.166666666666668,0.0,0.0,50.0,150.0,200.0
1031,17.183333333333334,0.0,0.0,50.0,150.0,200.0
1032,17.2,0.0,0.0,50.0,150.0,200.0
1033,17.216666666666665,0.0,0.0,50.0,150.0,200.0
1034,17.233333333333334,0.0,0.0,50.0,150.0,200.0
1035,17.25,0.0,0.0,50.0,150.0,200.0
1036,17.266666666666666,0.0,0.0,50.0,150.0,200.0
1037,17.283333333333335,0.0,0.0,50.0,150.0,200.0
1038,17.3,0.0,0.0,50.0,150.0,200.0
1039,17.316666666666666,0.0,0.0,50.0,150.0,200.0
1040,17.333333333333332,0.0,0.0,50.0,150.0,200.0
1041,17.35,0.0,0.0,50.0,150.0,200.0
1042,17.366666666666667,0.0,0.0,50.0,150.0,200.0
1043,17.383333333333333,0.0,0.0,50.0,150.0,200.0
1044,17.4,0.0,0.0,50.0,150.0,200.0
1045,17.416666666666668,0.0,0.0,50.0,150.0,200.0
1046,17.433333333333334,0.0,0.0,50.0,150.0,200.0
1047,17.45,0.0,0.0,50.0,150.0,200.0
1048,17.466666666666665,0.0,0.0,50.0,150.0,200.0
1049,17.483333333333334,0.0,0.0,50.0,150.0,200.0
1050,17.5,0.0,0.0,50.0,150.0,200.0
1051,17.516666666666666,0.0,0.0,50.0,150.0,200.0
1052,17.533333333333335,0.0,0.0,50.0,150.0,200.0
1053,17.55,0.0,0.0,50.0,150.0,200.0
1054,17.566666666666666,0.0,0.0,50.0,150.0,200.0
1055,17.583333333333332,0.0,0.0,50.0,150.0,200.0
1056,17.6,0.0,0.0,50.0,150.0,200.0
1057,17.616666666666667,0.0,0.0,50.0,150.0,200.0
1058,17.633333333333333,0.0,0.0,50.0,150.0,200.0
1059,17.65,0.0,0.0,50.0,150.0,200.0
1060,17.666666666666668,0.0,0.0,50.0,150.0,200.0
1061,17.683333333333334,0.0,0.0,50.0,150.0,200.0
1062,17.7,0.0,0.0,50.0,150.0,200.0
1063,17.716666666666665,0.0,0.0,50.0,150.0,200.0
1064,17.733333333333334,0.0,0.0,50.0,150.0,200.0
1065,17.75,0.0,0.0,50.0,150.0,200.0
1066,17.766666666666666,0.0,0.0,50.0,150.0,200.0
1067,17.783333333333335,0.0,0.0,50.0,150.0,200.0
1068,17.8,0.0,0.0,50.0,150.0,200.0
1069,17.816666666666666,0.0,0.0,50.0,150.0,200.0
1070,17.833333333333332,0.001,0.0,50.0,150.0,200.001
1071,17.85,100.0,0.0,50.0,150.0,300.0
1072,17.866666666666667,100.0,0.0,50.0,150.0,300.0
1073,17.883333333333333,100.0,0.0,50.0,150.0,300.0
1074,17.9,0.001,0.0,50.0,150.0,200.001
1075,17.916666666666668,100.0,0.0,50.0,150.0,300.0
1076,17.933333333333334,100.0,0.0,50.0,150.0,300.0
1077,17.95,0.001,0.0,50.0,150.0,200.001
1078,17.966666666666665,100.0,24.0,50.0,150.0,324.0
1079,17.983333333333334,100.0,60.0,50.0,150.0,360.0
1080,18.0,100.0,36.0,50.0,150.0,336.0
1081,18.016666666666666,100.0,36.0,50.0,150.0,336.0
1082,18.033333333333335,100.0,36.0,50.0,150.0,336.0
1083,18.05,100.0,36.0,50.0,150.0,336.0
1084,18.066666666666666,100.0,48.0,50.0,150.0,348.0
1085,18.083333333333332,100.0,48.0,50.0,150.0,348.0
1086,18.1,100.0,48.0,50.0,150.0,348.0
1087,18.116666666666667,100.0,48.0,50.0,150.0,348.0
1088,18.133333333333333,0.001,48.0,50.0,150.0,248.001
1089,18.15,0.001,48.0,50.0,150.0,248.001
1090,18.166666666666668,100.0,48.0,50.0,150.0,348.0
1091,18.183333333333334,100.0,48.0,50.0,150.0,348.0
1092,18.2,100.0,48.0,50.0,150.0,348.0
1093,18.216666666666665,100.0,48.0,50.0,150.0,348.0
1094,18.233333333333334,100.0,48.0,50.0,150.0,348.0
1095,18.25,100.0,48.0,50.0,150.0,348.0
1096,18.266666666666666,100.0,48.0,50.0,150.0,348.0
1097,18.283333333333335,100.0,48.0,50.0,150.0,348.0
1098,18.3,100.0,48.0,50.0,150.0,348.0
1099,18.316666666666666,100.0,48.0,50.0,150.0,348.0
1100,18.333333333333332,100.0,48.0,50.0,150.0,348.0
1101,18.35,100.0,48.0,50.0,150.0,348.0
1102,18.366666666666667,100.0,60.0,50.0,150.0,360.0
1103,18.383333333333333,100.0,36.0,50.0,150.0,336.0
1104,18.4,100.0,36.0,50.0,150.0,336.0
1105,18.416666666666668,100.0,36.0,50.0,150.0,336.0
1106,18.433333333333334,100.0,36.0,50.0,150.0,336.0
1107,18.45,100.0,36.0,50.0,150.0,336.0
1108,18.466666666666665,100.0,36.0,50.0,150.0,336.0
1109,18.483333333333334,100.0,36.0,50.0,150.0,336.0
1110,18.5,100.0,24.0,50.0,150.0,324.0
1111,18.516666666666666,100.0,24.0,50.0,150.0,324.0
1112,18.533333333333335,100.0,60.0,50.0,150.0,360.0
1113,18.55,100.0,60.0,50.0,150.0,360.0
1114,18.566666666666666,100.0,60.0,50.0,150.0,360.0
1115,18.583333333333332,100.0,60.0,50.0,150.0,360.0
1116,18.6,100.0,60.0,50.0,150.0,360.0
1117,18.616666666666667,100.0,60.0,50.0,150.0,360.0
1118,18.633333333333333,100.0,60.0,50.0,150.0,360.0
1119,18.65,100.0,60.0,50.0,150.0,360.0
1120,18.666666666666668,100.0,60.0,50.0,150.0,360.0
1121,18.683333333333334,100.0,60.0,50.0,150.0,360.0
1122,18.7,100.0,60.0,50.0,150.0,360.0
1123,18.716666666666665,100.0,60.0,50.0,150.0,360.0
1124,18.733333333333334,100.0,48.0,50.0,150.0,348.0
1125,18.75,100.0,12.0,50.0,150.0,312.0
1126,18.766666666666666,100.0,48.0,50.0,150.0,348.0
1127,18.783333333333335,100.0,48.0,50.0,150.0,348.0
1128,18.8,100.0,48.0,50.0,150.0,348.0
1129,18.816666666666666,100.0,0.001,50.0,150.0,300.001
1130,18.833333333333332,0.001,48.0,50.0,150.0,248.001
1131,18.85,0.001,48.0,50.0,150.0,248.001
1132,18.866666666666667,100.0,12.0,50.0,150.0,312.0
1133,18.883333333333333,100.0,36.0,50.0,150.0,336.0
1134,18.9,100.0,36.0,50.0,150.0,336.0
1135,18.916666666666668,100.0,36.0,50.0,150.0,336.0
1136,18.933333333333334,100.0,36.0,50.0,150.0,336.0
1137,18.95,100.0,36.0,50.0,150.0,336.0
1138,18.966666666666665,100.0,36.0,50.0,150.0,336.0
1139,18.983333333333334,100.0,36.0,50.0,150.0,336.0
1140,19.0,100.0,36.0,50.0,150.0,336.0
1141,19.016666666666666,100.0,48.0,50.0,150.0,348.0
1142,19.033333333333335,100.0,48.0,50.0,150.0,348.0
1143,19.05,100.0,48.0,50.0,150.0,348.0
1144,19.066666666666666,100.0,36.0,50.0,150.0,336.0
1145,19.083333333333332,100.0,24.0,50.0,150.0,324.0
1146,19.1,100.0,24.0,0.001,150.0,274.001
1147,19.116666666666667,100.0,24.0,100.0,150.0,374.0
1148,19.133333333333333,100.0,24.0,100.0,150.0,374.0
1149,19.15,100.0,24.0,100.0,150.0,374.0
1150,19.166666666666668,0.001,24.0,50.0,150.0,224.001
1151,19.183333333333334,100.0,24.0,100.0,150.0,374.0
1152,19.2,100.0,24.0,100.0,150.0,374.0
1153,19.216666666666665,0.001,24.0,100.0,150.0,274.001
1154,19.233333333333334,0.001,24.0,100.0,150.0,274.001
1155,19.25,100.0,24.0,100.0,150.0,374.0
1156,19.266666666666666,100.0,24.0,100.0,150.0,374.0
1157,19.283333333333335,100.0,24.0,100.0,150.0,374.0
1158,19.3,100.0,24.0,0.001,150.0,274.001
1159,19.316666666666666,100.0,24.0,100.0,150.0,374.0
1160,19.333333333333332,100.0,24.0,100.0,150.0,374.0
1161,19.35,100.0,24.0,100.0,150.0,374.0
1162,19.366666666666667,0.001,24.0,100.0,150.0,274.001
1163,19.383333333333333,0.001,24.0,100.0,150.0,274.001
1164,19.4,0.001,24.0,100.0,150.0,274.001
1165,19.416666666666668,0.001,24.0,100.0,150.0,274.001
1166,19.433333333333334,100.0,24.0,100.0,150.0,374.0
1167,19.45,100.0,24.0,100.0,150.0,374.0
1168,19.466666666666665,100.0,24.0,100.0,150.0,374.0
1169,19.483333333333334,100.0,24.0,100.0,150.0,374.0
1170,19.5,0.001,24.0,100.0,150.0,274.001
1171,19.516666666666666,100.0,24.0,100.0,150.0,374.0
1172,19.533333333333335,0.001,24.0,100.0,150.0,274.001
1173,19.55,100.0,24.0,100.0,150.0,374.0
1174,19.566666666666666,100.0,24.0,100.0,150.0,374.0
1175,19.583333333333332,100.0,24.0,100.0,150.0,374.0
1176,19.6,0.001,24.0,100.0,150.0,274.001
1177,19.616666666666667,0.001,24.0,100.0,150.0,274.001
1178,19.633333333333333,0.001,24.0,100.0,150.0,274.001
1179,19.65,0.001,24.0,100.0,150.0,274.001
1180,19.666666666666668,0.001,24.0,100.0,150.0,274.001
1181,19.683333333333334,100.0,24.0,100.0,150.0,374.0
1182,19.7,100.0,24.0,100.0,150.0,374.0
1183,19.716666666666665,0.001,24.0,100.0,150.0,274.001
1184,19.733333333333334,100.0,24.0,100.0,150.0,374.0
1185,19.75,100.0,24.0,100.0,150.0,374.0
1186,19.766666666666666,0.001,24.0,100.0,150.0,274.001
1187,19.783333333333335,100.0,24.0,100.0,150.0,374.0
1188,19.8,100.0,24.0,100.0,150.0,374.0
1189,19.816666666666666,0.001,48.0,100.0,150.0,298.001
1190,19.833333333333332,100.0,48.0,100.0,150.0,398.0
1191,19.85,100.0,60.0,100.0,150.0,410.0
1192,19.866666666666667,100.0,12.0,100.0,150.0,362.0
1193,19.883333333333333,0.001,12.0,100.0,150.0,262.001
1194,19.9,100.0,12.0,100.0,150.0,362.0
1195,19.916666666666668,100.0,12.0,100.0,150.0,362.0
1196,19.933333333333334,100.0,12.0,100.0,150.0,362.0
1197,19.95,100.0,12.0,100.0,150.0,362.0
1198,19.966666666666665,100.0,12.0,100.0,150.0,362.0
1199,19.983333333333334,100.0,12.0,100.0,150.0,362.0
1200,20.0,100.0,12.0,100.0,150.0,362.0
1201,20.016666666666666,100.0,12.0,100.0,150.0,362.0
1202,20.033333333333335,100.0,12.0,100.0,150.0,362.0
1203,20.05,100.0,12.0,100.0,150.0,362.0
1204,20.066666666666666,100.0,12.0,100.0,150.0,362.0
1205,20.083333333333332,100.0,12.0,100.0,150.0,362.0
1206,20.1,100.0,12.0,100.0,150.0,362.0
1207,20.116666666666667,100.0,12.0,100.0,150.0,362.0
1208,20.133333333333333,100.0,12.0,100.0,150.0,362.0
1209,20.15,100.0,12.0,100.0,150.0,362.0
1210,20.166666666666668,100.0,12.0,100.0,150.0,362.0
1211,20.183333333333334,100.0,12.0,100.0,150.0,362.0
1212,20.2,100.0,12.0,100.0,150.0,362.0
1213,20.216666666666665,100.0,12.0,100.0,150.0,362.0
1214,20.233333333333334,0.001,12.0,100.0,150.0,262.001
1215,20.25,100.0,12.0,100.0,150.0,362.0
1216,20.266666666666666,100.0,12.0,100.0,150.0,362.0
1217,20.283333333333335,100.0,12.0,100.0,150.0,362.0
1218,20.3,100.0,12.0,100.0,150.0,362.0
1219,20.316666666666666,100.0,12.0,100.0,150.0,362.0
1220,20.333333333333332,100.0,12.0,100.0,150.0,362.0
1221,20.35,100.0,12.0,100.0,150.0,362.0
1222,20.366666666666667,100.0,12.0,100.0,150.0,362.0
1223,20.383333333333333,0.001,12.0,100.0,150.0,262.001
1224,20.4,100.0,12.0,100.0,150.0,362.0
1225,20.416666666666668,100.0,12.0,100.0,150.0,362.0
1226,20.433333333333334,100.0,12.0,100.0,150.0,362.0
1227,20.45,100.0,12.0,100.0,150.0,362.0
1228,20.466666666666665,100.0,12.0,100.0,150.0,362.0
1229,20.483333333333334,100.0,12.0,100.0,150.0,362.0
1230,20.5,100.0,12.0,100.0,150.0,362.0
1231,20.516666666666666,100.0,12.0,100.0,150.0,362.0
1232,20.533333333333335,100.0,12.0,100.0,150.0,362.0
1233,20.55,100.0,12.0,100.0,150.0,362.0
1234,20.566666666666666,100.0,12.0,100.0,150.0,362.0
1235,20.583333333333332,100.0,12.0,100.0,150.0,362.0
1236,20.6,100.0,12.0,100.0,150.0,362.0
1237,20.616666666666667,100.0,12.0,50.0,150.0,312.0
1238,20.633333333333333,0.001,12.0,100.0,150.0,262.001
1239,20.65,100.0,12.0,50.0,150.0,312.0
1240,20.666666666666668,100.0,12.0,50.0,150.0,312.0
1241,20.683333333333334,0.001,12.0,100.0,150.0,262.001
1242,20.7,0.001,12.0,100.0,150.0,262.001
1243,20.716666666666665,0.001,12.0,100.0,150.0,262.001
1244,20.733333333333334,0.001,12.0,0.001,150.0,162.002
1245,20.75,100.0,12.0,100.0,150.0,362.0
1246,20.766666666666666,100.0,12.0,0.001,150.0,262.001
1247,20.783333333333335,0.001,12.0,100.0,150.0,262.001
1248,20.8,100.0,12.0,0.001,150.0,262.001
1249,20.816666666666666,100.0,12.0,100.0,150.0,362.0
1250,20.833333333333332,100.0,12.0,100.0,150.0,362.0
1251,20.85,0.001,12.0,100.0,150.0,262.001
1252,20.866666666666667,0.001,12.0,100.0,150.0,262.001
1253,20.883333333333333,100.0,12.0,100.0,150.0,362.0
1254,20.9,100.0,12.0,100.0,150.0,362.0
1255,20.916666666666668,100.0,12.0,0.001,150.0,262.001
1256,20.933333333333334,100.0,12.0,50.0,150.0,312.0
1257,20.95,100.0,12.0,0.001,150.0,262.001
1258,20.966666666666665,100.0,12.0,0.0,150.0,262.0
1259,20.983333333333334,100.0,12.0,0.0,150.0,262.0
1260,21.0,0.001,12.0,0.0,150.0,162.001
1261,21.016666666666666,100.0,12.0,0.0,150.0,262.0
1262,21.033333333333335,100.0,12.0,0.0,150.0,262.0
1263,21.05,100.0,12.0,0.0,150.0,262.0
1264,21.066666666666666,100.0,12.0,0.0,150.0,262.0
1265,21.083333333333332,100.0,12.0,0.0,150.0,262.0
1266,21.1,100.0,12.0,0.0,150.0,262.0
1267,21.116666666666667,100.0,12.0,0.0,150.0,262.0
1268,21.133333333333333,100.0,12.0,0.0,150.0,262.0
1269,21.15,100.0,12.0,0.0,150.0,262.0
1270,21.166666666666668,100.0,12.0,0.0,150.0,262.0
1271,21.183333333333334,100.0,12.0,0.0,150.0,262.0
1272,21.2,100.0,12.0,0.0,150.0,262.0
1273,21.216666666666665,100.0,12.0,0.0,150.0,262.0
1274,21.233333333333334,100.0,12.0,0.0,150.0,262.0
1275,21.25,100.0,12.0,0.0,150.0,262.0
1276,21.266666666666666,100.0,12.0,0.0,150.0,262.0
1277,21.283333333333335,100.0,12.0,0.0,150.0,262.0
1278,21.3,100.0,12.0,0.0,150.0,262.0
1279,21.316666666666666,100.0,12.0,0.0,150.0,262.0
1280,21.333333333333332,100.0,12.0,0.0,150.0,262.0
1281,21.35,100.0,12.0,0.0,150.0,262.0
1282,21.366666666666667,100.0,12.0,0.0,150.0,262.0
1283,21.383333333333333,100.0,12.0,0.0,150.0,262.0
1284,21.4,100.0,12.0,0.0,150.0,262.0
1285,21.416666666666668,100.0,12.0,0.0,150.0,262.0
1286,21.433333333333334,100.0,12.0,0.0,150.0,262.0
1287,21.45,100.0,12.0,0.0,150.0,262.0
1288,21.466666666666665,100.0,12.0,0.0,150.0,262.0
1289,21.483333333333334,100.0,12.0,0.0,150.0,262.0
1290,21.5,100.0,12.0,0.0,150.0,262.0
1291,21.516666666666666,100.0,12.0,0.0,150.0,262.0
1292,21.533333333333335,100.0,12.0,0.0,150.0,262.0
1293,21.55,0.001,12.0,0.0,150.0,162.001
1294,21.566666666666666,0.001,12.0,0.0,150.0,162.001
1295,21.583333333333332,0.001,12.0,0.0,150.0,162.001
1296,21.6,100.0,12.0,0.0,150.0,262.0
1297,21.616666666666667,100.0,12.0,0.0,150.0,262.0
1298,21.633333333333333,100.0,12.0,0.0,150.0,262.0
1299,21.65,100.0,12.0,0.0,150.0,262.0
1300,21.666666666666668,100.0,12.0,0.0,150.0,262.0
1301,21.683333333333334,100.0,12.0,0.0,150.0,262.0
1302,21.7,100.0,12.0,0.0,150.0,262.0
1303,21.716666666666665,100.0,12.0,0.0,150.0,262.0
1304,21.733333333333334,100.0,12.0,0.0,150.0,262.0
1305,21.75,100.0,12.0,0.0,150.0,262.0
1306,21.766666666666666,100.0,0.001,0.0,0.001,100.00200000000001
1307,21.783333333333335,100.0,48.0,0.0,0.001,148.001
1308,21.8,100.0,36.0,0.0,0.001,136.001
1309,21.816666666666666,100.0,36.0,0.0,0.001,136.001
1310,21.833333333333332,100.0,36.0,0.0,0.001,136.001
1311,21.85,100.0,36.0,0.0,0.001,136.001
1312,21.866666666666667,100.0,36.0,0.0,0.001,136.001
1313,21.883333333333333,100.0,24.0,0.0,0.001,124.001
1314,21.9,100.0,24.0,0.0,0.001,124.001
1315,21.916666666666668,100.0,0.001,0.0,0.001,100.00200000000001
1316,21.933333333333334,100.0,36.0,0.0,0.001,136.001
1317,21.95,0.001,24.0,0.0,0.001,24.002000000000002
1318,21.966666666666665,0.001,24.0,0.0,0.001,24.002000000000002
1319,21.983333333333334,100.0,24.0,0.0,0.001,124.001
1320,22.0,100.0,24.0,0.0,0.001,124.001
1321,22.016666666666666,0.001,24.0,0.0,0.001,24.002000000000002
1322,22.033333333333335,0.001,24.0,0.0,0.001,24.002000000000002
1323,22.05,100.0,24.0,0.0,0.001,124.001
1324,22.066666666666666,100.0,24.0,0.0,0.001,124.001
1325,22.083333333333332,100.0,24.0,0.0,0.001,124.001
1326,22.1,0.001,24.0,0.0,0.001,24.002000000000002
1327,22.116666666666667,0.001,24.0,0.0,0.001,24.002000000000002
1328,22.133333333333333,100.0,24.0,0.0,0.001,124.001
1329,22.15,100.0,24.0,0.0,0.001,124.001
1330,22.166666666666668,100.0,24.0,0.0,0.001,124.001
1331,22.183333333333334,100.0,24.0,0.0,0.001,124.001
1332,22.2,100.0,24.0,0.0,0.001,124.001
1333,22.216666666666665,100.0,24.0,0.0,0.001,124.001
1334,22.233333333333334,100.0,24.0,0.0,0.001,124.001
1335,22.25,100.0,24.0,0.0,0.001,124.001
1336,22.266666666666666,100.0,24.0,0.0,0.001,124.001
1337,22.283333333333335,100.0,24.0,0.0,0.001,124.001
1338,22.3,0.001,24.0,0.0,0.001,24.002000000000002
1339,22.316666666666666,100.0,24.0,0.0,0.001,124.001
1340,22.333333333333332,100.0,24.0,0.0,0.001,124.001
1341,22.35,100.0,24.0,0.0,0.001,124.001
1342,22.366666666666667,0.001,24.0,0.0,0.001,24.002000000000002
1343,22.383333333333333,100.0,24.0,0.0,0.001,124.001
1344,22.4,100.0,24.0,0.0,0.001,124.001
1345,22.416666666666668,100.0,24.0,0.0,0.001,124.001
1346,22.433333333333334,100.0,24.0,0.0,0.001,124.001
1347,22.45,100.0,24.0,0.0,0.001,124.001
1348,22.466666666666665,100.0,24.0,0.0,0.001,124.001
1349,22.483333333333334,100.0,24.0,0.0,0.001,124.001
1350,22.5,100.0,12.0,0.0,0.001,112.001
1351,22.516666666666666,100.0,36.0,0.0,0.001,136.001
1352,22.533333333333335,100.0,0.0,0.0,0.001,100.001
1353,22.55,100.0,0.0,0.0,0.001,100.001
1354,22.566666666666666,100.0,0.0,0.0,0.001,100.001
1355,22.583333333333332,100.0,0.0,0.0,0.001,100.001
1356,22.6,100.0,0.0,0.0,0.001,100.001
1357,22.616666666666667,0.001,0.0,0.0,0.001,0.002
1358,22.633333333333333,0.0,0.0,0.0,0.001,0.001
1359,22.65,0.0,0.0,0.0,0.001,0.001
1360,22.666666666666668,0.0,0.0,0.0,0.001,0.001
1361,22.683333333333334,0.0,0.0,0.0,0.001,0.001
1362,22.7,0.0,0.0,0.0,0.001,0.001
1363,22.716666666666665,0.0,0.0,0.0,0.001,0.001
1364,22.733333333333334,0.0,0.0,0.0,0.001,0.001
1365,22.75,0.0,0.0,0.0,0.001,0.001
1366,22.766666666666666,0.0,0.0,0.0,0.001,0.001
1367,22.783333333333335,0.0,0.0,0.0,0.001,0.001
1368,22.8,0.0,0.0,0.0,0.001,0.001
1369,22.816666666666666,0.0,0.0,0.0,0.001,0.001
1370,22.833333333333332,0.0,0.0,0.0,0.001,0.001
1371,22.85,0.0,0.0,0.0,0.001,0.001
1372,22.866666666666667,0.0,0.0,0.0,0.001,0.001
1373,22.883333333333333,0.0,0.0,0.0,0.001,0.001
1374,22.9,0.0,0.0,0.0,0.001,0.001
1375,22.916666666666668,0.0,0.0,0.0,0.001,0.001
1376,22.933333333333334,0.0,0.0,0.0,0.001,0.001
1377,22.95,0.0,0.0,0.0,0.001,0.001
1378,22.966666666666665,0.0,0.0,0.0,0.001,0.001
1379,22.983333333333334,0.0,0.0,0.0,0.001,0.001
1380,23.0,0.0,0.0,0.0,0.001,0.001
1381,23.016666666666666,0.0,0.0,0.0,0.001,0.001
1382,23.033333333333335,0.0,0.0,0.0,0.001,0.001
1383,23.05,0.0,0.0,0.0,0.001,0.001
1384,23.066666666666666,0.0,0.0,0.0,0.001,0.001
1385,23.083333333333332,0.0,0.0,0.0,0.001,0.001
1386,23.1,0.0,0.0,0.0,0.001,0.001
1387,23.116666666666667,0.0,0.0,0.0,0.001,0.001
1388,23.133333333333333,0.0,0.0,0.0,0.001,0.001
1389,23.15,0.0,0.0,0.0,0.001,0.001
1390,23.166666666666668,0.0,0.0,0.0,0.001,0.001
1391,23.183333333333334,0.0,0.0,0.0,0.001,0.001
1392,23.2,0.0,0.0,0.0,0.001,0.001
1393,23.216666666666665,0.0,0.0,0.0,0.001,0.001
1394,23.233333333333334,0.0,0.0,0.0,0.001,0.001
1395,23.25,0.0,0.0,0.0,0.001,0.001
1396,23.266666666666666,0.0,0.0,0.0,0.001,0.001
1397,23.283333333333335,0.0,0.0,0.0,0.001,0.001
1398,23.3,0.0,0.0,0.0,0.001,0.001
1399,23.316666666666666,0.0,0.0,0.0,0.001,0.001
1400,23.333333333333332,0.0,0.0,0.0,0.001,0.001
1401,23.35,0.0,0.0,0.0,0.001,0.001
1402,23.366666666666667,0.0,0.0,0.0,0.001,0.001
1403,23.383333333333333,0.0,0.0,0.0,0.001,0.001
1404,23.4,0.0,0.0,0.0,0.001,0.001
1405,23.416666666666668,0.0,0.0,0.0,0.001,0.001
1406,23.433333333333334,0.0,0.0,0.0,0.001,0.001
1407,23.45,0.0,0.0,0.0,0.0,0.0
1408,23.466666666666665,0.0,0.0,0.0,0.0,0.0
1409,23.483333333333334,0.0,0.0,0.0,0.0,0.0
1410,23.5,0.0,0.0,0.0,0.0,0.0
1411,23.516666666666666,0.0,0.0,0.0,0.0,0.0
1412,23.533333333333335,0.0,0.0,0.0,0.0,0.0
1413,23.55,0.0,0.0,0.0,0.0,0.0
1414,23.566666666666666,0.0,0.0,0.0,0.0,0.0
1415,23.583333333333332,0.0,0.0,0.0,0.0,0.0
1416,23.6,0.0,0.0,0.0,0.0,0.0
1417,23.616666666666667,0.0,0.0,0.0,0.0,0.0
1418,23.633333333333333,0.0,0.0,0.0,0.0,0.0
1419,23.65,0.0,0.0,0.0,0.0,0.0
1420,23.666666666666668,0.0,0.0,0.0,0.0,0.0
1421,23.683333333333334,0.0,0.0,0.0,0.0,0.0
1422,23.7,0.0,0.0,0.0,0.0,0.0
1423,23.716666666666665,0.0,0.0,0.0,0.0,0.0
1424,23.733333333333334,0.0,0.0,0.0,0.0,0.0
1425,23.75,0.0,0.0,0.0,0.0,0.0
1426,23.766666666666666,0.0,0.0,0.0,0.0,0.0
1427,23.783333333333335,0.0,0.0,0.0,0.0,0.0
1428,23.8,0.0,0.0,0.0,0.0,0.0
1429,23.816666666666666,0.0,0.0,0.0,0.0,0.0
1430,23.833333333333332,0.0,0.0,0.0,0.0,0.0
1431,23.85,0.0,0.0,0.0,0.0,0.0
1432,23.866666666666667,0.0,0.0,0.0,0.0,0.0
1433,23.883333333333333,0.0,0.0,0.0,0.0,0.0
1434,23.9,0.0,0.0,0.0,0.0,0.0
1435,23.916666666666668,0.0,0.0,0.0,0.0,0.0
1436,23.933333333333334,0.0,0.0,0.0,0.0,0.0
1437,23.95,0.0,0.0,0.0,0.0,0.0
1438,23.966666666666665,0.0,0.0,0.0,0.0,0.0
1439,23.983333333333334,0.0,0.0,0.0,0.0,0.0
